term,canonical_name,aliases,category,tags,description,source_file,created_at,updated_at
BTB连接器,BTB连接器,板对板连接器;Board-to-Board Connector,硬件相关,部件;电气连接,连接主板与副板、显示模组等的重要元件，易出现接触不良、虚焊等故障。,manual_import,2025-09-25T10:24:30.839959,2025-09-25T10:24:30.839959
CMF,CMF,"颜色、材料、表面处理;Color,Material,Finishing",结构相关,设计;外观,决定手机外观质感的关键，涉及喷涂、阳极氧化、镀膜等工艺。,manual_import,2025-09-25T10:24:30.839959,2025-09-25T10:24:30.839959
Dome片,Dome片,按键弹片;Metal Dome,硬件相关,部件;人机交互,提供按键手感的关键金属件，失效会导致按键无反应或手感差。,manual_import,2025-09-25T10:24:30.839959,2025-09-25T10:24:30.839959
FPC,FPC,柔性电路板;Flexible Printed Circuit,硬件相关,部件;电气连接,用于连接空间受限的部件，如摄像头、显示屏，易发生弯折断裂。,manual_import,2025-09-25T10:24:30.839959,2025-09-25T10:24:30.839959
FPS,FPS,帧率;Frames Per Second,影像相关,性能指标;软件相关,衡量界面或游戏流畅度的关键指标，帧率过低会导致卡顿。,manual_import,2025-09-25T10:24:30.839959,2025-09-25T10:24:30.839959
Gap,Gap,间隙;面差,结构相关,外观;装配,指手机外壳部件之间的间隙和高度差，是衡量装配精度和美观度的重要指标。,manual_import,2025-09-25T10:24:30.839959,2025-09-25T10:24:30.839959
Lens,Lens,镜片;Camera Lens,摄像头模组,部件;影像相关,摄像头的光学镜片，有脏污、划伤、镀膜脱落等不良现象。,manual_import,2025-09-25T10:24:30.839959,2025-09-25T10:24:30.839959
LRA,LRA,线性谐振执行器;Linear Resonant Actuator,硬件相关,部件;人机交互,提供振动反馈的马达，失效或性能不佳会导致振动弱、异响。,manual_import,2025-09-25T10:24:30.839959,2025-09-25T10:24:30.839959
OIS,OIS,光学防抖;Optical Image Stabilization,摄像头模组,功能;影像相关,通过镜组或传感器移动补偿手抖，模块不良会导致拍照模糊或异响。,manual_import,2025-09-25T10:24:30.839959,2025-09-25T10:24:30.839959
SPK,SPK,扬声器;Speaker,硬件相关,部件;声学,负责声音外放，常见不良有杂音、破音、无声。,manual_import,2025-09-25T10:24:30.839959,2025-09-25T10:24:30.839959
TP,TP,触摸屏;Touch Panel,硬件相关,部件;人机交互,负责触控功能，常见故障有失灵、乱点、划线不良。,manual_import,2025-09-25T10:24:30.839959,2025-09-25T10:24:30.839959
WLAN,WLAN,无线局域网;Wireless LAN,硬件相关,功能;性能指标,手机Wi-Fi功能，常见问题有连接失败、速率慢、断流。,manual_import,2025-09-25T10:24:30.839959,2025-09-25T10:24:30.839959
包材,包材,包装材料;Packaging Material,结构相关,物料;外观,指手机零售包装盒、内托等，破损、污渍会影响开箱体验。,manual_import,2025-09-25T10:24:30.839959,2025-09-25T10:24:30.839959
背光,背光,背光模组;Backlight,硬件相关,部件;显示相关,为LCD屏幕提供光源的组件，常见不良有亮度不均、漏光、mura（斑驳）。,manual_import,2025-09-25T10:24:30.839959,2025-09-25T10:24:30.839959
边框,边框,中框;Middle Frame,结构相关,部件;外观,手机的骨架结构，用于固定内部元件，变形或腐蚀会影响整机强度和气密性。,manual_import,2025-09-25T10:24:30.839959,2025-09-25T10:24:30.839959
充电口,充电口,USB-C接口;Type-C Port,硬件相关,部件;电气连接,负责充电和数据传输，常见不良有端口松动、腐蚀、连接不稳定。,manual_import,2025-09-25T10:24:30.839959,2025-09-25T10:24:30.839959
触点,触点,金手指;Contact Pin,硬件相关,部件;电气连接,电池、屏幕等模块上与主板连接的导电触点，氧化或污染会导致接触不良。,manual_import,2025-09-25T10:24:30.839959,2025-09-25T10:24:30.839959
电芯,电芯,电池芯;Battery Cell,硬件相关,部件;安全相关,电池的核心储能部件，其质量直接决定电池的容量、寿命和安全性。,manual_import,2025-09-25T10:24:30.839959,2025-09-25T10:24:30.839959
飞线,飞线,跳线;Jumper Wire,硬件相关,部件;PCB,在PCB上用于临时或永久修复电路连接的导线，影响可靠性和美观。,manual_append,2025-09-25T11:05:20.433327,2025-09-25T11:05:20.433327
盖板,盖板,玻璃盖板;Cover Glass,结构相关,部件;外观,保护屏幕和装饰的前盖玻璃，要求高硬度、抗冲击和良好的光学性能。,manual_append,2025-09-25T11:05:20.433327,2025-09-25T11:05:20.433327
高光,高光,镜面效果;High-Gloss,结构相关,外观;CMF,通过高精度加工得到的镜面般的光泽效果，易出现划伤、橘皮等不良。,manual_append,2025-09-25T11:05:20.433327,2025-09-25T11:05:20.433327
隔磁片,隔磁片,磁性屏蔽片;Magnetic Shielding Sheet,硬件相关,部件;EMC,贴在器件上防止磁场干扰的薄片，粘贴不良或破损会影响无线充电或传感器性能。,manual_append,2025-09-25T11:05:20.433327,2025-09-25T11:05:20.433327
公差,公差,尺寸公差;Tolerance,结构相关,设计;工艺参数,允许的尺寸变动范围，合理的公差设计是保证装配性和功能的关键。,manual_append,2025-09-25T11:05:20.433327,2025-09-25T11:05:20.433327
公母座,公母座,插头与插座;Connector Pair,硬件相关,部件;电气连接,配对的连接器，如USB公座和母座，存在插拔力不良、寿命不足等风险。,manual_append,2025-09-25T11:05:20.433327,2025-09-25T11:05:20.433327
功耗,功耗,功率消耗;Power Consumption,性能指标,硬件相关;软件相关,手机工作时的电能消耗，是衡量续航能力的关键，异常功耗需重点分析。,manual_append,2025-09-25T11:05:20.433327,2025-09-25T11:05:20.433327
光感,光感,环境光传感器;Ambient Light Sensor,硬件相关,部件;传感器,用于自动调节屏幕亮度，被遮挡或失效会导致屏幕亮度调节失常。,manual_append,2025-09-25T11:05:20.433327,2025-09-25T11:05:20.433327
滚轴,滚轴,铰链;Hinge,结构相关,部件;可靠性,折叠屏手机的关键部件，负责屏幕弯折，对疲劳寿命和顺滑度要求极高。,manual_append,2025-09-25T11:05:20.433327,2025-09-25T11:05:20.433327
过孔,过孔,导通孔;Via,硬件相关,PCB;工艺参数,PCB上用于连接不同层电路的孔，孔铜不良会导致开路或可靠性问题。,manual_append,2025-09-25T11:05:20.433327,2025-09-25T11:05:20.433327
焊盘,焊盘,焊点;Pad,硬件相关,PCB;SMT,PCB上用于焊接元件的金属区域，氧化或污染会导致上锡不良、虚焊。,manual_append,2025-09-25T11:05:20.433327,2025-09-25T11:05:20.433327
基带,基带,Baseband,硬件相关,部件;通信相关,负责移动网络信号处理的芯片组，其软件和硬件故障会导致无服务、通话中断。,manual_append,2025-09-25T11:08:06.065467,2025-09-25T11:08:06.065467
基板,基板,衬底;Substrate,硬件相关,部件;PCB,承载芯片和电路的基底材料，如陶瓷基板、BT基板等。,manual_append,2025-09-25T11:08:06.065467,2025-09-25T11:08:06.065467
极耳,极耳,电池极耳; Battery Tab,硬件相关,部件;安全相关,电芯正负极引出的金属带，焊接不良或折断会导致电池无法充电或工作。,manual_append,2025-09-25T11:08:06.065467,2025-09-25T11:08:06.065467
铰链,铰链,转轴;Hinge,结构相关,部件;可靠性,折叠屏手机的核心机构，要求高寿命、顺滑度和稳定性。,manual_append,2025-09-25T11:08:06.065467,2025-09-25T11:08:06.065467
接地点,接地点,接地位置;Grounding Point,硬件相关,EMC;PCB,PCB上用于连接参考电位的点，设计不良会导致EMC问题或信号干扰。,manual_append_batch3,2025-09-25T11:09:26.169920,2025-09-25T11:09:26.169920
金线,金线,键合线;Bonding Wire,硬件相关,部件;封装,芯片封装内部连接芯片焊盘和引线框架的细金属线，断裂会导致开路。,manual_append_batch3,2025-09-25T11:09:26.169920,2025-09-25T11:09:26.169920
晶振,晶振,晶体振荡器;Crystal Oscillator,硬件相关,部件;时钟,提供系统基准时钟信号的元件，失效会导致手机无法开机或功能紊乱。,manual_append_batch3,2025-09-25T11:09:26.169920,2025-09-25T11:09:26.169920
镜座,镜座,镜头座;Lens Holder,结构相关,部件;摄像头模组,固定摄像头镜头的结构件，其加工精度和稳定性直接影响成像质量。,manual_append_batch3,2025-09-25T11:09:26.169920,2025-09-25T11:09:26.169920
卡托,卡托,SIM卡托;SIM Card Tray,结构相关,部件;外观,承载SIM卡和内存卡的可拆卸部件，存在装配不顺、易脱落等风险。,manual_append_batch3,2025-09-25T11:09:26.169920,2025-09-25T11:09:26.169920
拉拔力,拉拔力,插拔力;Insertion/Extraction Force,性能指标,硬件相关;可靠性,将连接器插入或拔出的力，过小导致接触不良，过大会影响用户体验和寿命。,manual_append_batch3,2025-09-25T11:09:26.169920,2025-09-25T11:09:26.169920
良率,良率,yield,性能指标,制造工艺;质量体系,合格品数量与生产总数量的比率，是衡量制造水平的核心指标。,manual_append_remaining,2025-09-25T11:11:49.765999,2025-09-25T11:11:49.765999
马鞍,马鞍,中框马鞍区;Middle Frame Saddle,结构相关,部件;设计,手机中框两侧收窄的区域，是结构强度和信号设计的重点区域。,manual_append_remaining,2025-09-25T11:11:49.765999,2025-09-25T11:11:49.765999
盲孔,盲孔,盲埋孔;Blind Via,硬件相关,PCB;设计,仅连接PCB外层和内层，但不穿透整个板的导通孔，用于高密度布线。,manual_append_remaining,2025-09-25T11:11:49.765999,2025-09-25T11:11:49.765999
门限,门限,阈值;Threshold,性能指标,测试验证;软件相关,触发某种动作或判断合格与否的临界值，如功耗门限、信号强度门限。,manual_append_remaining,2025-09-25T11:11:49.765999,2025-09-25T11:11:49.765999
密封圈,密封圈,密封胶圈;Sealing Ring,结构相关,部件;可靠性,用于防水设计的橡胶或硅胶圈，其压缩量和弹性决定密封效果。,manual_append_remaining,2025-09-25T11:11:49.765999,2025-09-25T11:11:49.765999
膜厚,膜厚,涂层厚度;Coating Thickness,性能指标,CMF;制造工艺,喷涂、电镀等表面处理层的厚度，影响外观、手感和性能。,manual_append_remaining,2025-09-25T11:13:33.667799,2025-09-25T11:13:33.667799
摩擦,摩擦,耐磨性;Abrasion Resistance,性能指标,可靠性;外观,材料表面抵抗刮擦和磨损的能力，通常通过摩擦测试来验证。,manual_append_remaining,2025-09-25T11:13:33.667799,2025-09-25T11:13:33.667799
母排,母排,电池母排;Battery FPC,硬件相关,部件;电气连接,连接电池保护板和电芯的柔性电路板，其设计和可靠性至关重要。,manual_append_remaining,2025-09-25T11:13:33.667799,2025-09-25T11:13:33.667799
内阻,内阻,内部电阻;Internal Resistance,性能指标,硬件相关;电池,电池本身所具有的电阻，内阻增大会导致输出电压下降和发热。,manual_append_remaining,2025-09-25T11:13:33.667799,2025-09-25T11:13:33.667799
粘附,粘附,附着力;Adhesion,性能指标,制造工艺;可靠性,涂层、镀层或胶带与基材之间的结合强度，附着力不足会导致脱落。,manual_append_remaining,2025-09-25T11:13:33.667799,2025-09-25T11:13:33.667799
粘锡,粘锡,焊盘沾锡;Pad Wetting,性能指标,SMT;制造工艺,熔化的焊锡在焊盘上铺展的能力，是形成良好焊点的基础。,manual_append_remaining,2025-09-25T11:13:33.667799,2025-09-25T11:13:33.667799
扭力,扭力,扭矩;Torque,性能指标,工具;结构相关,拧紧螺丝所需的力矩，有规定的标准值，过小或过大都有风险。,manual_append_remaining,2025-09-25T11:13:33.667799,2025-09-25T11:13:33.667799
排线,排线,柔性排线;Flex Cable,硬件相关,部件;电气连接,连接主板与屏幕、摄像头等部件的软性线路，弯折过度易断裂。,manual_append_remaining,2025-09-25T11:13:33.667799,2025-09-25T11:13:33.667799
平顺,平顺,平整度;Flatness,性能指标,结构相关;外观,表面相对于理想平面的偏差程度，影响装配和美观。,manual_append_remaining,2025-09-25T11:13:33.667799,2025-09-25T11:13:33.667799
气密,气密,气密性;Air Tightness,性能指标,结构相关;可靠性,产品防止气体渗透的能力，是防水防尘设计的关键指标。,manual_append_remaining,2025-09-25T11:13:33.667799,2025-09-25T11:13:33.667799
亲水,亲水,亲水性;Hydrophilic,性能指标,CMF;可靠性,材料表面容易被水润湿的特性，与疏水性相对。,manual_append_remaining,2025-09-25T11:13:33.667799,2025-09-25T11:13:33.667799
润湿,润湿,焊锡润湿;Solder Wetting,性能指标,SMT;制造工艺,熔融焊锡在金属表面铺展并形成冶金结合的过程，是良好焊接的前提。,manual_append_complete,2025-09-25T11:15:49.938904,2025-09-25T11:15:49.938904
色牢,色牢,颜色牢固度;Color Fastness,性能指标,CMF;可靠性,涂层、油墨等颜色抵抗光照、摩擦、汗液等作用而保持不褪色的能力。,manual_append_complete,2025-09-25T11:15:49.938904,2025-09-25T11:15:49.938904
上盖,上盖,上壳体;Top Case,结构相关,部件;外观,手机的上半部分外壳。,manual_append_complete,2025-09-25T11:15:49.938904,2025-09-25T11:15:49.938904
上锡,上锡,锡膏覆盖;Solder Coverage,性能指标,SMT;制造工艺,焊盘表面被焊锡覆盖的面积比例，是评估焊接质量的重要指标。,manual_append_complete,2025-09-25T11:15:49.938904,2025-09-25T11:15:49.938904
生耳,生耳,表耳;Lug,结构相关,部件;外观,表带上用于连接表壳的突出部分，在手机上可能指类似结构。,manual_append_complete,2025-09-25T11:15:49.938904,2025-09-25T11:15:49.938904
声腔,声腔,扬声器腔体;Speaker Chamber,结构相关,部件;声学,为扬声器提供共振空间的密封结构，其容积和设计对音质影响很大。,manual_append_complete,2025-09-25T11:15:49.938904,2025-09-25T11:15:49.938904
石磨,石磨,石材纹理;Stone Pattern,CMF,外观;设计,通过工艺模拟天然石材的纹理和质感。,manual_append_complete,2025-09-25T11:15:49.938904,2025-09-25T11:15:49.938904
时长,时长,持续时间;Duration,性能指标,测试验证;可靠性,某项测试持续的时间或产品某项功能的续航时间。,manual_append_complete,2025-09-25T11:15:49.938904,2025-09-25T11:15:49.938904
食人鱼,食人鱼,食人鱼LED;Piranha LED,硬件相关,部件;显示相关,一种亮度高、视角广的LED，常用作指示灯。,manual_append_complete,2025-09-25T11:15:49.938904,2025-09-25T11:15:49.938904
硬度,硬度,材料硬度;Hardness,性能指标,物料;可靠性,材料抵抗硬物压入其表面的能力，如莫氏硬度、铅笔硬度。,manual_append_final,2025-09-25T11:20:17.962195,2025-09-25T11:20:17.962195
有源,有源,有源器件;Active Component,硬件相关,部件;电气性能,需要电源才能正常工作的器件，如芯片、晶体管等。,manual_append_final,2025-09-25T11:20:17.962195,2025-09-25T11:20:17.962195
原色,原色,基底颜色;Base Color,CMF,外观;设计,材料本身的颜色，区别于后期处理（如喷涂）的颜色。,manual_append_final,2025-09-25T11:20:17.962195,2025-09-25T11:20:17.962195
运放,运放,运算放大器;Operational Amplifier,硬件相关,部件;电气性能,用于信号放大的集成电路，其性能影响音频、传感器等信号质量。,manual_append_final,2025-09-25T11:20:17.962195,2025-09-25T11:20:17.962195
增益,增益,天线增益;Antenna Gain,性能指标,硬件相关;通信相关,天线在特定方向上的辐射强度与理想点源天线的比值，影响信号覆盖。,manual_append_final,2025-09-25T11:20:17.962195,2025-09-25T11:20:17.962195
沾锡,沾锡,焊盘沾锡;Pad Wetting,性能指标,SMT;制造工艺,熔化的焊锡在焊盘上铺展的能力，是形成良好焊点的基础。,manual_append_final,2025-09-25T11:20:17.962195,2025-09-25T11:20:17.962195
张力,张力,表面张力;Surface Tension,性能指标,制造工艺;物料,液体表面收缩的力，影响锡膏印刷、点胶、涂布等工艺的成型。,manual_append_final,2025-09-25T11:20:17.962195,2025-09-25T11:20:17.962195
针脚,针脚,元器件引脚;Component Lead,硬件相关,部件;SMT,元器件上用于焊接的金属引脚。,manual_append_final,2025-09-25T11:20:17.962195,2025-09-25T11:20:17.962195
支架,支架,支撑架;Bracket,结构相关,部件;设计,用于支撑和固定其他部件的结构件。,manual_append_final,2025-09-25T11:20:17.962195,2025-09-25T11:20:17.962195
直通,直通,直通率;First Pass Yield,性能指标,制造工艺;质量体系,产品在某一工序一次性通过检验的比率，反映工序能力。,manual_append_final,2025-09-25T11:20:17.962195,2025-09-25T11:20:17.962195
纸箱,纸箱,包装外箱;Carton,结构相关,物料;包装,手机运输和销售的外层纸箱，要求有足够的抗压和抗跌落强度。,manual_append_final,2025-09-25T11:20:17.962195,2025-09-25T11:20:17.962195
质心,质心,重心;Center of Gravity,性能指标,结构相关;设计,产品重力的合力作用点，影响握持手感和跌落姿态。,manual_append_final,2025-09-25T11:20:17.962195,2025-09-25T11:20:17.962195
中框,中框,手机中框;Middle Frame,结构相关,部件;外观,手机的骨架结构，用于固定内部元件，常见材质为金属或塑料。,manual_append_final,2025-09-25T11:20:17.962195,2025-09-25T11:20:17.962195
主摄,主摄,主摄像头;Main Camera,摄像头模组,部件;影像相关,手机多个摄像头中性能最强、最常用的那个摄像头。,manual_append_final,2025-09-25T11:20:17.962195,2025-09-25T11:20:17.962195
驻波,驻波,驻波比;Standing Wave Ratio,性能指标,硬件相关;通信相关,表征天线与馈线匹配程度的指标，驻波比过大意味着信号反射严重。,manual_append_final,2025-09-25T11:20:17.962195,2025-09-25T11:20:17.962195
转轴,转轴,铰链;Hinge,结构相关,部件;可靠性,折叠屏手机的关键部件，负责屏幕弯折，对疲劳寿命和顺滑度要求极高。,manual_append_final,2025-09-25T11:20:17.962195,2025-09-25T11:20:17.962195
追频,追频,频率追踪;Frequency Tracking,硬件相关,无线充电;性能指标,无线充电系统中，根据负载变化动态调整工作频率以保持最佳效率。,manual_append_final,2025-09-25T11:20:17.962195,2025-09-25T11:20:17.962195
自拍,自拍,前置摄像头;Front Camera,摄像头模组,部件;影像相关,用于拍摄用户自己的摄像头，位于手机正面。,manual_append_final,2025-09-25T11:20:17.962195,2025-09-25T11:20:17.962195
阻焊,阻焊,阻焊层;Solder Mask,硬件相关,PCB;设计,覆盖在PCB铜箔上的绿色或其他颜色的绝缘保护层，防止短路和氧化。,manual_append_final,2025-09-25T11:20:17.962195,2025-09-25T11:20:17.962195
座充,座充,座式充电器;Desktop Charger,硬件相关,配件;充电,将手机插入底座进行充电的配件。,manual_append_final,2025-09-25T11:20:17.962195,2025-09-25T11:20:17.962195
座子,座子,连接器插座;Connector Socket,硬件相关,部件;电气连接,固定在PCB上的连接器母端。,manual_append_final,2025-09-25T11:20:17.962195,2025-09-25T11:20:17.962195
SAR,SAR,比吸收率;Specific Absorption Rate,性能指标,安全相关;通信相关,**定义**: 人体吸收电磁能量的速率。 **判定口径**: <2.0 W/kg。 **常见场景**: 手机靠近头部。 **排查路径**: 测试实验室验证。 **对策**: 优化射频发射功率，改善天线布局。,manual_append_detailed,2025-09-25T11:48:07.639056,2025-09-25T11:48:07.639056
热容率,热容率,体积热容,性能指标,物料;热管理,单位体积材料升高单位温度所需热量，影响局部升温速度。,manual_append_large_batch,2025-09-25T11:52:56.383815,2025-09-25T11:52:56.383815
柯伐合金,柯伐合金,Kovar,物料,物料;硬件相关;封装,一种与玻璃、陶瓷膨胀系数匹配的铁镍钴合金，常用于芯片封装引脚。,manual_append_large_batch,2025-09-25T11:52:56.383815,2025-09-25T11:52:56.383815
剪切稀化,剪切稀化,假塑性；Shear Thinning,性能指标,物料;制造工艺;点胶,流体的表观粘度随剪切速率增加而降低的特性，如锡膏、胶水，利于印刷和点胶。,manual_append_large_batch,2025-09-25T11:52:56.383815,2025-09-25T11:52:56.383815
水接触角,水接触角,Water Contact Angle,性能指标,CMF;可靠性;测试验证,衡量固体表面疏水性的指标，角度越大越疏水。用于评估涂层效果。,manual_append_large_batch,2025-09-25T11:52:56.383815,2025-09-25T11:52:56.383815
迁移数,迁移数,Transference Number,性能指标,硬件相关;电池,在电池中，某种离子所携带的电流与总电流的比值，反映离子导电效率。,manual_append_large_batch,2025-09-25T11:52:56.383815,2025-09-25T11:52:56.383815
离子清洁度,离子清洁度,Ionic Cleanliness,性能指标,PCB;可靠性;测试验证,衡量PCB表面离子污染物含量的指标，单位通常为μg NaCl/cm²，影响绝缘电阻。,manual_append_large_batch,2025-09-25T11:52:56.383815,2025-09-25T11:52:56.383815
塌落直径,塌落直径,Slump Diameter,性能指标,制造工艺;SMT;锡膏,锡膏印刷后，在预热阶段因流动而扩散的直径变化，用于评估锡膏抗塌陷性能。,manual_append_large_batch,2025-09-25T11:52:56.383815,2025-09-25T11:52:56.383815
天线效率,天线效率,Antenna Efficiency,性能指标,硬件相关;通信相关;测试验证,天线辐射功率与输入功率的比值，是衡量天线性能的核心指标。,manual_append_large_batch,2025-09-25T11:52:56.383815,2025-09-25T11:52:56.383815
焊点IMC,焊点IMC,Intermetallic Compound,性能指标,SMT;可靠性;硬件相关,焊料与焊盘金属界面生成的金属间化合物层。适中的IMC厚度是良好焊接的标志，过厚则脆。,manual_append_large_batch,2025-09-25T11:52:56.383815,2025-09-25T11:52:56.383815
扬氏模量,扬氏模量,弹性模量；Young's Modulus,性能指标,物料;结构相关;设计,材料在弹性变形范围内，应力与应变的比值，衡量材料抵抗弹性变形的能力。,manual_append_large_batch,2025-09-25T11:52:56.383815,2025-09-25T11:52:56.383815
黑镍,黑镍,Black Nickel Plating,CMF,外观;制造工艺;可靠性,一种黑色的镍镀层，用于装饰和消光，耐磨性和耐腐蚀性需关注。,manual_append_large_batch,2025-09-25T11:52:56.383815,2025-09-25T11:52:56.383815
断差面,断差面,Step Surface,结构相关,设计;外观;制造工艺,两个相邻表面存在高度差而形成的台阶面，需控制断差大小和均匀性。,manual_append_large_batch,2025-09-25T11:52:56.383815,2025-09-25T11:52:56.383815
焊盘设计,焊盘设计,Pad Design,硬件相关,设计;PCB;SMT,PCB焊盘的形状、尺寸和布局设计，直接影响元件的贴装和焊接质量。,manual_append_large_batch,2025-09-25T11:52:56.383815,2025-09-25T11:52:56.383815
引脚共面性,引脚共面性,Lead Coplanarity,性能指标,硬件相关;SMT;制造工艺,多引脚元件所有引脚底部形成的平面与理想平面的偏差，影响焊接良率。,manual_append_large_batch,2025-09-25T11:52:56.383815,2025-09-25T11:52:56.383815
热阻,热阻,Thermal Resistance,性能指标,硬件相关;热管理;可靠性,热量在传递路径上遇到的阻力，衡量器件或材料的散热能力。,manual_append_large_batch,2025-09-25T11:52:56.383815,2025-09-25T11:52:56.383815
玻璃转化温度,玻璃转化温度,"Glass Transition Temperature, Tg",性能指标,物料;PCB;可靠性,聚合物从玻璃态向高弹态转变的温度。PCB基材的Tg影响其耐热性。,manual_append_large_batch,2025-09-25T11:52:56.383815,2025-09-25T11:52:56.383815
磁导率,磁导率,Permeability,性能指标,物料;硬件相关;EMC,衡量材料导磁能力的物理量，用于磁芯和电磁屏蔽材料的选择。,manual_append_large_batch,2025-09-25T11:54:45.737719,2025-09-25T11:54:45.737719
导通电阻,导通电阻,On-Resistance,性能指标,硬件相关;电气性能,开关器件（如MOSFET）在导通状态下，源极和漏极之间的电阻。,manual_append_large_batch,2025-09-25T11:54:45.737719,2025-09-25T11:54:45.737719
声压级,声压级,"Sound Pressure Level, SPL",性能指标,硬件相关;声学;测试验证,衡量声音强弱的物理量，单位分贝，是扬声器、麦克风的重要指标。,manual_append_large_batch,2025-09-25T11:54:45.737719,2025-09-25T11:54:45.737719
绝缘阻抗,绝缘阻抗,"Insulation Resistance, IR",性能指标,硬件相关;电气性能;可靠性,衡量绝缘材料阻止电流通过的能力，单位通常为欧姆。,manual_append_large_batch,2025-09-25T11:54:45.737719,2025-09-25T11:54:45.737719
功耗曲线,功耗曲线,Power Consumption Profile,性能指标,软件相关;硬件相关;测试验证,手机在不同工作模式下的功耗随时间变化的曲线。,manual_append_large_batch,2025-09-25T11:54:45.737719,2025-09-25T11:54:45.737719
哑光,哑光,Matt Finish,CMF,外观;设计,低光泽度的表面效果，不易留下指纹。,manual_append_large_batch,2025-09-25T11:54:45.737719,2025-09-25T11:54:45.737719
火花纹,火花纹,EDM Texture,CMF,外观;设计;制造工艺,通过电火花加工在模具上形成的纹理，可转移至塑胶件表面。,manual_append_large_batch,2025-09-25T11:54:45.737719,2025-09-25T11:54:45.737719
导通孔孔铜,导通孔孔铜,Via Copper Thickness,性能指标,PCB;制造工艺;可靠性,导通孔内壁铜层的厚度，影响电流承载能力和连接可靠性。,manual_append_large_batch,2025-09-25T11:54:45.737719,2025-09-25T11:54:45.737719
胶体流动性,胶体流动性,Adhesive Flowability,性能指标,物料;制造工艺;点胶,胶水在受力下的流动能力，影响点胶成型和填充效果。,manual_append_large_batch,2025-09-25T11:54:45.737719,2025-09-25T11:54:45.737719
磁饱和,磁饱和,Magnetic Saturation,性能指标,硬件相关;电气性能,磁性材料的磁化强度不随外磁场增强而显著增加的状态。,manual_append_large_batch,2025-09-25T11:54:45.737719,2025-09-25T11:54:45.737719
镀层孔隙率,镀层孔隙率,Plating Porosity,性能指标,CMF;可靠性;制造工艺,单位面积镀层中针孔的数量，影响其防护性能。,manual_append_large_batch,2025-09-25T11:54:45.737719,2025-09-25T11:54:45.737719
热插拔次数,热插拔次数,Hot-plugging Cycles,性能指标,硬件相关;可靠性;测试验证,连接器可承受的带电插拔次数，是衡量其寿命的重要指标。,manual_append_large_batch,2025-09-25T11:54:45.737719,2025-09-25T11:54:45.737719
信号完整性,信号完整性,"Signal Integrity, SI",性能指标,硬件相关;设计;PCB,信号在传输路径上的质量，涉及波形失真、时序、噪声等。,manual_append_remaining,2025-09-25T11:58:24.906984,2025-09-25T11:58:24.906984
水汽敏感等级,水汽敏感等级,"Moisture Sensitivity Level, MSL",性能指标,硬件相关;物料;SMT,根据IC封装对潮湿的敏感程度进行的分级，决定拆包后的使用时限和烘烤条件。,manual_append_remaining,2025-09-25T11:58:24.906984,2025-09-25T11:58:24.906984
塑封体,塑封体,Mold Compound,物料,物料;半导体;封装,用于封装芯片的环氧树脂塑料材料。,manual_append_remaining,2025-09-25T11:58:24.906984,2025-09-25T11:58:24.906984
翘曲度,翘曲度,Warpage,性能指标,结构相关;制造工艺;可靠性,平面部件相对于理想平面的弯曲或扭曲程度量化值。,manual_append_remaining,2025-09-25T11:58:24.906984,2025-09-25T11:58:24.906984
胶体固化率,胶体固化率,Adhesive Cure Rate,性能指标,物料;制造工艺;点胶,胶水在特定条件下固化的速度。,manual_append_remaining,2025-09-25T11:58:24.906984,2025-09-25T11:58:24.906984
射频阻抗,射频阻抗,RF Impedance,性能指标,硬件相关;射频相关;PCB,射频传输线的特征阻抗，通常设计为50欧姆以实现阻抗匹配。,manual_append_remaining,2025-09-25T11:58:24.906984,2025-09-25T11:58:24.906984
胶体Tg点,胶体Tg点,Adhesive Glass Transition Temperature,性能指标,物料;可靠性;点胶,胶粘剂的玻璃化转变温度，影响其在不同温度下的力学性能。,manual_append_remaining,2025-09-25T11:58:24.906984,2025-09-25T11:58:24.906984
邦定强度,邦定强度,Bonding Strength,性能指标,制造工艺;半导体;可靠性,芯片与基板之间键合（如金线、胶水）的机械强度。,manual_append_remaining,2025-09-25T11:58:24.906984,2025-09-25T11:58:24.906984
模温均匀性,模温均匀性,Mold Temperature Uniformity,性能指标,制造工艺;注塑,模具不同区域温度的差异程度，影响产品收缩和尺寸一致性。,manual_append_remaining,2025-09-25T11:58:24.906984,2025-09-25T11:58:24.906984
胶体触变性,胶体触变性,Adhesive Thixotropy,性能指标,物料;制造工艺;点胶,胶体在剪切力作用下粘度减小，静置后粘度恢复的特性，利于成型。,manual_append_remaining,2025-09-25T11:58:24.906984,2025-09-25T11:58:24.906984
引脚可焊性,引脚可焊性,Lead Solderability,性能指标,硬件相关;SMT;物料,元件引脚表面被熔融焊料润湿形成良好焊点的能力。,manual_append_remaining,2025-09-25T11:58:24.906984,2025-09-25T11:58:24.906984
功率密度,功率密度,Power Density,性能指标,硬件相关;热管理;设计,单位体积或单位面积上消耗的功率，是热设计的关键输入。,manual_append_remaining,2025-09-25T11:58:24.906984,2025-09-25T11:58:24.906984
胶体储存期,胶体储存期,Adhesive Shelf Life,性能指标,物料;制造工艺;点胶,胶水在特定储存条件下保持其使用性能的时间。,manual_append_remaining,2025-09-25T11:58:24.906984,2025-09-25T11:58:24.906984
LDS天线,LDS天线,激光直接成型天线,硬件相关,制造工艺;通信相关;设计,利用激光在特定塑料上活化出电路图案，然后化学镀金属形成天线。集成度高，适合复杂三维结构。,manual_append_massive,2025-09-25T12:16:41.135717,2025-09-25T12:16:41.135717
热界面材料,热界面材料,TIM,物料,物料;热管理;可靠性,填充在发热器件与散热器之间，降低接触热阻的材料，如导热硅脂、相变材料、导热垫片。,manual_append_massive,2025-09-25T12:16:41.135717,2025-09-25T12:16:41.135717
差分信号,差分信号,差动信号,硬件相关,设计;电气性能;通信相关,用一对幅度相等、相位相反的信号来传输信息，抗共模噪声能力强，用于高速接口。,manual_append_massive,2025-09-25T12:16:41.135717,2025-09-25T12:16:41.135717
邦定Pad设计,邦定Pad设计,焊盘设计,硬件相关,设计;半导体;封装,芯片上用于键合的铝焊盘或铜焊盘的尺寸、形状和布局设计。,manual_append_massive,2025-09-25T12:21:07.733493,2025-09-25T12:21:07.733493
模内装饰薄膜,模内装饰薄膜,IML Film,物料,物料;制造工艺;CMF,用于IML工艺的已印刷好图案的薄膜基材。,manual_append_massive,2025-09-25T12:21:07.733493,2025-09-25T12:21:07.733493
邦定Pad金属层,邦定Pad金属层,焊盘金属化,硬件相关,设计;半导体;封装,芯片键合焊盘上方的金属层（如铝），其厚度和成分影响键合性能。,manual_append_massive,2025-09-25T12:21:07.733493,2025-09-25T12:21:07.733493
邦定Pad设计,邦定Pad设计,焊盘设计,硬件相关,设计;半导体;封装,芯片上用于键合的铝焊盘或铜焊盘的尺寸、形状和布局设计。,manual_append_batch2,2025-09-25T12:23:05.378215,2025-09-25T12:23:05.378215
模内装饰薄膜,模内装饰薄膜,IML Film,物料,物料;制造工艺;CMF,用于IML工艺的已印刷好图案的薄膜基材。,manual_append_batch2,2025-09-25T12:23:05.378215,2025-09-25T12:23:05.378215
邦定Pad金属层,邦定Pad金属层,焊盘金属化,硬件相关,设计;半导体;封装,芯片键合焊盘上方的金属层（如铝），其厚度和成分影响键合性能。,manual_append_batch2,2025-09-25T12:23:05.378215,2025-09-25T12:23:05.378215
氮化铝陶瓷,氮化铝陶瓷,AlN陶瓷,Material,物料;硬件相关;热管理,高导热陶瓷材料用于功率器件封装和散热基板,hardware_module_expansion,2025-09-26T09:29:11.828162,2025-09-26T09:29:11.828162
色饱和度,色饱和度,色彩饱和度,Metric,显示相关;影像相关;性能指标,衡量色彩鲜艳程度的指标饱和度越高颜色越纯,hardware_module_expansion,2025-09-26T09:29:11.828162,2025-09-26T09:29:11.828162
聚酰亚胺薄膜,聚酰亚胺薄膜,PI膜,Material,物料;FPC;可靠性,耐高温高绝缘的柔性基材广泛用于柔性电路板,hardware_module_expansion,2025-09-26T09:29:11.828162,2025-09-26T09:29:11.828162
导热凝胶,导热凝胶,导热泥,Material,物料;热管理;可靠性,膏状热界面材料适用于不规则间隙的散热填充可自动流平,hardware_module_expansion,2025-09-26T09:29:11.828162,2025-09-26T09:29:11.828162
液晶聚合物,液晶聚合物,LCP,Material,物料;FPC;高频应用,具有低介电常数和损耗的高分子材料适用于高频柔性电路,hardware_module_expansion,2025-09-26T09:29:11.828162,2025-09-26T09:29:11.828162
铍铜合金,铍铜合金,铍铜,Material,物料;硬件相关;弹片,高强度高弹性的铜合金常用于制造连接器弹片和屏蔽罩,hardware_module_expansion,2025-09-26T09:29:11.828162,2025-09-26T09:29:11.828162
相位噪声,相位噪声,相位抖动,Metric,射频相关;硬件相关;性能指标,振荡器输出信号相位的随机起伏影响通信系统的信噪比,hardware_module_expansion,2025-09-26T09:29:11.829160,2025-09-26T09:29:11.829160
聚氨酯密封胶,聚氨酯密封胶,PU胶,Material,物料;结构相关;可靠性,具有良好弹性和粘接性的密封材料用于防水和结构粘接,hardware_module_expansion,2025-09-26T09:29:11.829160,2025-09-26T09:29:11.829160
腐蚀电位,腐蚀电位,自腐蚀电位,Metric,物料;可靠性;CMF,金属在腐蚀介质中不发生外电流时的电极电位反映其热力学腐蚀倾向,hardware_module_expansion,2025-09-26T09:29:11.829160,2025-09-26T09:29:11.829160
聚对苯二甲酸丁二醇酯,聚对苯二甲酸丁二醇酯,PBT,Material,物料;结构相关;注塑,耐热电绝缘性好的工程塑料用于连接器和结构件,hardware_module_expansion,2025-09-26T09:29:11.829160,2025-09-26T09:29:11.829160
激光直接成型材料,激光直接成型材料,LDS材料,Material,物料;硬件相关;通信相关,含有特殊添加剂的塑料经激光活化后可化学镀金属形成电路,hardware_module_expansion,2025-09-26T09:29:11.829160,2025-09-26T09:29:11.829160
低温共烧陶瓷,低温共烧陶瓷,LTCC,Material,物料;硬件相关;射频相关,可将导体电阻电容等集成于一体的多层陶瓷基板技术,hardware_module_expansion,2025-09-26T09:29:11.830164,2025-09-26T09:29:11.830164
信纳比,信纳比,SINAD,Metric,硬件相关;测试验证;声学,信号+噪声+失真的总功率与噪声+失真的功率之比衡量音频系统动态性能,hardware_module_expansion,2025-09-26T09:29:11.830164,2025-09-26T09:29:11.830164
聚醚醚酮,聚醚醚酮,PEEK,Material,物料;结构相关;可靠性,耐高温耐化学腐蚀机械强度高的特种工程塑料,hardware_module_expansion,2025-09-26T09:29:11.830164,2025-09-26T09:29:11.830164
氰酸酯树脂,氰酸酯树脂,氰酸酯,Material,物料;PCB;高频应用,具有低介电损耗的高性能树脂用于高频电路板,hardware_module_expansion,2025-09-26T09:29:11.830164,2025-09-26T09:29:11.830164
聚四氟乙烯,聚四氟乙烯,PTFE,Material,物料;硬件相关;高频应用,介电性能极佳耐化学性强的塑料用于高频电路和绝缘,hardware_module_expansion,2025-09-26T09:29:11.831162,2025-09-26T09:29:11.831162
总谐波失真,总谐波失真,THD,Metric,硬件相关;测试验证;声学,谐波总功率与基波功率的比值衡量音频设备非线性失真,hardware_module_expansion,2025-09-26T09:29:11.831162,2025-09-26T09:29:11.831162
玻璃纤维布,玻璃纤维布,玻纤布,Material,物料;PCB;制造工艺,用作PCB基板的增强材料提供机械强度和尺寸稳定性,hardware_module_expansion,2025-09-26T09:29:11.831162,2025-09-26T09:29:11.831162
磁性流体,磁性流体,磁液,Material,物料;硬件相关;声学,含有纳米磁性颗粒的液体用于扬声器音圈散热和阻尼,hardware_module_expansion,2025-09-26T09:29:11.831162,2025-09-26T09:29:11.831162
误差向量幅度,误差向量幅度,EVM,Metric,硬件相关;测试验证;通信相关,衡量数字调制信号质量的关键参数表示实际信号点与理想点的偏差,hardware_module_expansion,2025-09-26T09:29:11.831162,2025-09-26T09:29:11.831162
氧化铟锡,氧化铟锡,ITO,Material,物料;硬件相关;显示相关,透明导电薄膜材料用于触摸屏传感器和显示电极,hardware_module_expansion,2025-09-26T09:29:11.831162,2025-09-26T09:29:11.831162
导电布,导电布,导电织物,Material,物料;EMC;硬件相关,纤维织物表面金属化制成的柔性电磁屏蔽材料,hardware_module_expansion,2025-09-26T09:29:11.831162,2025-09-26T09:29:11.831162
接收灵敏度,接收灵敏度,灵敏度,Metric,硬件相关;测试验证;通信相关,接收机在满足特定误码率条件下能识别的最小输入信号功率,hardware_module_expansion,2025-09-26T09:29:11.832162,2025-09-26T09:29:11.832162
环氧模塑料,环氧模塑料,EMC,Material,物料;半导体;封装,用于封装芯片的环氧树脂基复合材料提供保护和散热,hardware_module_expansion,2025-09-26T09:29:11.832162,2025-09-26T09:29:11.832162
硅凝胶,硅凝胶,硅胶,Material,物料;可靠性;封装,柔软透明的硅基凝胶用于芯片的软保护和应力缓冲,hardware_module_expansion,2025-09-26T09:29:11.832162,2025-09-26T09:29:11.832162
发射功率,发射功率,输出功率,Metric,硬件相关;测试验证;通信相关,发射机天线连接处输出的射频功率需符合法规限值,hardware_module_expansion,2025-09-26T09:29:11.832162,2025-09-26T09:29:11.832162
铝碳化硅,铝碳化硅,AlSiC,Material,物料;硬件相关;热管理,高导热低膨胀的金属基复合材料用于功率器件散热底座,hardware_module_expansion,2025-09-26T09:29:11.832162,2025-09-26T09:29:11.832162
导热相变材料,导热相变材料,PCM,Material,物料;热管理;可靠性,在特定温度发生相变（固-液）能有效填充界面间隙的导热材料,hardware_module_expansion,2025-09-26T09:29:11.832162,2025-09-26T09:29:11.832162
互调失真,互调失真,IMD,Metric,硬件相关;测试验证;射频相关,由系统非线性导致两个输入频率产生新频率分量造成的干扰,hardware_module_expansion,2025-09-26T09:29:11.832162,2025-09-26T09:29:11.832162
聚萘二甲酸乙二醇酯,聚萘二甲酸乙二醇酯,PEN,Material,物料;FPC;可靠性,性能介于PET和PI之间的柔性基材耐热性优于PET,hardware_module_expansion,2025-09-26T09:29:11.832162,2025-09-26T09:29:11.832162
电磁屏蔽泡棉,电磁屏蔽泡棉,导电泡棉,Material,物料;EMC;硬件相关,具有弹性的导电海绵材料用于缝隙的电磁屏蔽,hardware_module_expansion,2025-09-26T09:29:11.832162,2025-09-26T09:29:11.832162
相位裕量,相位裕量,相位裕度,Metric,硬件相关;设计;电气性能,反馈系统稳定性的度量相位裕量越大系统越稳定,hardware_module_expansion,2025-09-26T09:29:11.832162,2025-09-26T09:29:11.832162
聚苯硫醚,聚苯硫醚,PPS,Material,物料;结构相关;注塑,耐高温耐化学腐蚀尺寸稳定的工程塑料,hardware_module_expansion,2025-09-26T09:29:11.833669,2025-09-26T09:29:11.833669
热塑性聚氨酯,热塑性聚氨酯,TPU,Material,物料;结构相关;可靠性,具有良好弹性耐磨性和抗撕裂性的塑料用于保护套等,hardware_module_expansion,2025-09-26T09:29:11.833669,2025-09-26T09:29:11.833669
增益平坦度,增益平坦度,增益平坦性,Metric,硬件相关;测试验证;射频相关,放大器在工作频带内增益的波动程度,hardware_module_expansion,2025-09-26T09:29:11.833669,2025-09-26T09:29:11.833669
微波复合介质基板,微波复合介质基板,高频板材,Material,物料;PCB;射频相关,具有低损耗稳定介电常数的高频电路板专用材料,hardware_module_expansion,2025-09-26T09:29:11.833669,2025-09-26T09:29:11.833669
陶瓷基板,陶瓷基板,陶瓷电路板,Material,物料;硬件相关;热管理,氧化铝氮化铝等陶瓷制成的电路基板绝缘性好导热率高,hardware_module_expansion,2025-09-26T09:29:11.833669,2025-09-26T09:29:11.833669
群延迟,群延迟,群时延,Metric,硬件相关;测试验证;射频相关,信号不同频率成分通过系统时的时间延迟差异,hardware_module_expansion,2025-09-26T09:29:11.833669,2025-09-26T09:29:11.833669
磁性形状记忆合金,磁性形状记忆合金,MSMA,Material,物料;硬件相关;传感器,在外磁场作用下可产生大应变的新型智能材料,hardware_module_expansion,2025-09-26T09:29:11.833669,2025-09-26T09:29:11.833669
OLED面板,OLED面板,有机发光二极管显示屏,Component,显示相关;硬件相关,像素自发光对比度高色彩鲜艳可柔性的显示面板,hardware_module_expansion,2025-09-26T09:29:11.834678,2025-09-26T09:29:11.834678
LCD面板,LCD面板,液晶显示屏,Component,显示相关;硬件相关,需要背光模组成本较低技术成熟的液晶显示面板,hardware_module_expansion,2025-09-26T09:29:11.834678,2025-09-26T09:29:11.834678
盖板玻璃,盖板玻璃,Cover Glass;防护玻璃,Component,显示相关;结构相关;外观,保护屏幕免受冲击和刮伤的防护玻璃,hardware_module_expansion,2025-09-26T09:29:11.834678,2025-09-26T09:29:11.834678
偏光片,偏光片,Polarizer,Component,显示相关;物料,将自然光转换为偏振光是LCD显示不可或缺的组件,hardware_module_expansion,2025-09-26T09:29:11.834678,2025-09-26T09:29:11.834678
光学胶,光学胶,OCA,Material,显示相关;物料;制造工艺,用于全贴合粘接盖板与触摸屏或显示屏减少反光提升透光率,hardware_module_expansion,2025-09-26T09:29:11.834678,2025-09-26T09:29:11.834678
背光模组,背光模组,Backlight Unit;BLU,Component,显示相关;硬件相关,为LCD提供均匀明亮的面光源的模组,hardware_module_expansion,2025-09-26T09:29:11.834678,2025-09-26T09:29:11.834678
显示驱动芯片,显示驱动芯片,DDI;Display Driver IC,Component,显示相关;硬件相关;半导体,接收主机信号驱动显示屏像素点显示图像的芯片,hardware_module_expansion,2025-09-26T09:29:11.834678,2025-09-26T09:29:11.834678
触控报点率,触控报点率,Touch Report Rate,Metric,显示相关;性能指标;人机交互,每秒触摸屏上报坐标的次数影响触控跟手性,hardware_module_expansion,2025-09-26T09:29:11.834678,2025-09-26T09:29:11.834678
屏幕响应时间,屏幕响应时间,Response Time,Metric,显示相关;性能指标,像素从一种颜色切换到另一种颜色所需的时间影响动态画面拖影,hardware_module_expansion,2025-09-26T09:29:11.834678,2025-09-26T09:29:11.834678
对比度,对比度,Contrast Ratio,Metric,显示相关;性能指标,屏幕最亮与最暗区域的亮度比值,hardware_module_expansion,2025-09-26T09:29:11.835677,2025-09-26T09:29:11.835677
色域覆盖率,色域覆盖率,Color Gamut Coverage,Metric,显示相关;性能指标;影像相关,显示屏能显示的颜色范围与标准色域（如sRGB DCI-P3）的比值,hardware_module_expansion,2025-09-26T09:29:11.835677,2025-09-26T09:29:11.835677
图像传感器,图像传感器,Image Sensor;CIS,Component,影像相关;硬件相关;半导体,将光信号转换为电信号的核心芯片如CMOS传感器,hardware_module_expansion,2025-09-26T09:29:11.835677,2025-09-26T09:29:11.835677
镜头,镜头,Lens,Component,影像相关;摄像头模组,光学镜片组负责光线汇聚,hardware_module_expansion,2025-09-26T09:29:11.835677,2025-09-26T09:29:11.835677
音圈马达,音圈马达,VCM,Component,影像相关;硬件相关,驱动镜头移动实现对焦的致动器,hardware_module_expansion,2025-09-26T09:29:11.835677,2025-09-26T09:29:11.835677
光学防抖,光学防抖,OIS,Component,影像相关;功能;性能指标,通过移动镜组或传感器补偿手抖的技术,hardware_module_expansion,2025-09-26T09:29:11.835677,2025-09-26T09:29:11.835677
红外滤光片,红外滤光片,IR Cut Filter,Component,影像相关;物料,滤除红外光使成像色彩更接近人眼所见的滤光片,hardware_module_expansion,2025-09-26T09:29:11.835677,2025-09-26T09:29:11.835677
摄像头模组,摄像头模组,CCM,Component,影像相关;硬件相关,将传感器镜头VCM等封装成一体的功能模块,hardware_module_expansion,2025-09-26T09:29:11.835677,2025-09-26T09:29:11.835677
信噪比,信噪比,SNR,Metric,影像相关;性能指标,图像信号与噪声的比值衡量图像纯净度,hardware_module_expansion,2025-09-26T09:29:11.836795,2025-09-26T09:29:11.836795
灵敏度,灵敏度,Sensitivity,Metric,影像相关;性能指标,传感器将光信号转换为电信号的效率,hardware_module_expansion,2025-09-26T09:29:11.836795,2025-09-26T09:29:11.836795
动态范围,动态范围,Dynamic Range,Metric,影像相关;性能指标,传感器能同时捕捉的最亮和最暗细节的范围,hardware_module_expansion,2025-09-26T09:29:11.836795,2025-09-26T09:29:11.836795
镜头畸变,镜头畸变,Lens Distortion,Metric,影像相关;性能指标,镜头引起的图像形变如桶形畸变枕形畸变,hardware_module_expansion,2025-09-26T09:29:11.836795,2025-09-26T09:29:11.836795
保护板,保护板,BMS;Protection Circuit Module,Component,硬件相关;安全相关;电气性能,管理电池的充放电防止过充过放过流短路的保护电路,hardware_module_expansion,2025-09-26T09:29:11.836795,2025-09-26T09:29:11.836795
电池封装膜,电池封装膜,Pouch Film,Material,物料;硬件相关;安全相关,软包电池的外层铝塑复合膜提供封装和绝缘,hardware_module_expansion,2025-09-26T09:29:11.836795,2025-09-26T09:29:11.836795
负极材料,负极材料,Anode Material,Material,物料;电池;硬件相关,如石墨锂离子在充电时嵌入其中的负极材料,hardware_module_expansion,2025-09-26T09:29:11.837807,2025-09-26T09:29:11.837807
正极材料,正极材料,Cathode Material,Material,物料;电池;硬件相关,如钴酸锂磷酸铁锂锂离子在放电时嵌入其中的正极材料,hardware_module_expansion,2025-09-26T09:29:11.837807,2025-09-26T09:29:11.837807
电解液,电解液,Electrolyte,Material,物料;电池;安全相关,提供锂离子在正负极之间迁移的通道的液体,hardware_module_expansion,2025-09-26T09:29:11.837807,2025-09-26T09:29:11.837807
隔膜,隔膜,Separator,Material,物料;电池;安全相关,隔离正负极防止短路同时允许离子通过的薄膜,hardware_module_expansion,2025-09-26T09:29:11.837807,2025-09-26T09:29:11.837807
额定容量,额定容量,Rated Capacity,Metric,硬件相关;性能指标;电池,电池在特定条件下放出的电量单位mAh,hardware_module_expansion,2025-09-26T09:29:11.837807,2025-09-26T09:29:11.837807
能量密度,能量密度,Energy Density,Metric,硬件相关;性能指标;电池,单位体积或重量储存的能量单位Wh/kg或Wh/L,hardware_module_expansion,2025-09-26T09:29:11.837807,2025-09-26T09:29:11.837807
循环次数,循环次数,Cycle Life,Metric,硬件相关;性能指标;可靠性,容量衰减到规定值（如80%）时所经历的完整充放电循环次数,hardware_module_expansion,2025-09-26T09:29:11.837807,2025-09-26T09:29:11.837807
印刷电路板,印刷电路板,PCB,Component,硬件相关;设计,承载和连接电子元件的基板,hardware_module_expansion,2025-09-26T09:29:11.837807,2025-09-26T09:29:11.837807
主芯片,主芯片,SoC;系统级芯片,Component,硬件相关;半导体;设计,集成CPU GPU Modem等核心功能的芯片,hardware_module_expansion,2025-09-26T09:29:11.837807,2025-09-26T09:29:11.837807
内存,内存,RAM,Component,硬件相关;半导体,运行内存用于临时存储运行的程序和数据,hardware_module_expansion,2025-09-26T09:29:11.837807,2025-09-26T09:29:11.837807
闪存,闪存,Flash;ROM,Component,硬件相关;半导体,存储空间用于存放系统应用和用户数据,hardware_module_expansion,2025-09-26T09:29:11.837807,2025-09-26T09:29:11.837807
射频功放,射频功放,PA,Component,硬件相关;射频相关,放大要发射的射频信号的功率放大器,hardware_module_expansion,2025-09-26T09:29:11.837807,2025-09-26T09:29:11.837807
电源管理芯片,电源管理芯片,PMIC,Component,硬件相关;电气性能,管理整机的电源分配充电和功耗的芯片,hardware_module_expansion,2025-09-26T09:29:11.837807,2025-09-26T09:29:11.837807
PCB板材,PCB板材,Laminate,Material,物料;PCB,制造PCB的基板材料如FR-4高频板材,hardware_module_expansion,2025-09-26T09:29:11.837807,2025-09-26T09:29:11.837807
阻焊油墨,阻焊油墨,Solder Mask,Material,物料;PCB,覆盖在铜箔上起绝缘和保护作用的绿色或其他颜色的油墨,hardware_module_expansion,2025-09-26T09:29:11.837807,2025-09-26T09:29:11.837807
电源完整性,电源完整性,PI,Metric,硬件相关;设计;电气性能,供给芯片的电源电压稳定纯净的程度,hardware_module_expansion,2025-09-26T09:29:11.837807,2025-09-26T09:29:11.837807
电磁兼容性,电磁兼容性,EMC,Metric,硬件相关;设计;测试验证,设备在其电磁环境中能正常工作且不对其他设备构成干扰的能力,hardware_module_expansion,2025-09-26T09:29:11.837807,2025-09-26T09:29:11.837807
天线辐射体,天线辐射体,Antenna Radiator,Component,射频相关;硬件相关;通信相关,天线的核心部分直接负责电磁波的辐射和接收,hardware_module_expansion,2025-09-26T09:29:11.839417,2025-09-26T09:29:11.839417
天线调谐器,天线调谐器,Antenna Tuner,Component,射频相关;硬件相关;通信相关,动态调整天线阻抗匹配以应对手握环境变化带来的失配,hardware_module_expansion,2025-09-26T09:29:11.839417,2025-09-26T09:29:11.839417
射频前端模组,射频前端模组,RFFE,Component,射频相关;硬件相关;通信相关,集成PA LNA开关滤波器等功能的模块,hardware_module_expansion,2025-09-26T09:29:11.839417,2025-09-26T09:29:11.839417
功率放大器,功率放大器,PA,Component,射频相关;硬件相关;通信相关,放大发射链路的射频信号功率,hardware_module_expansion,2025-09-26T09:29:11.839417,2025-09-26T09:29:11.839417
低噪声放大器,低噪声放大器,LNA,Component,射频相关;硬件相关;通信相关,放大接收链路的微弱信号自身引入的噪声极低,hardware_module_expansion,2025-09-26T09:29:11.839417,2025-09-26T09:29:11.839417
双工器,双工器,Duplexer,Component,射频相关;硬件相关;通信相关,在FDD系统中允许发射和接收同时进行并隔离两者信号,hardware_module_expansion,2025-09-26T09:29:11.839925,2025-09-26T09:29:11.839925
开关,开关,Switch,Component,射频相关;硬件相关;通信相关,在不同天线或频段之间进行切换,hardware_module_expansion,2025-09-26T09:29:11.839925,2025-09-26T09:29:11.839925
滤波器,滤波器,Filter,Component,射频相关;硬件相关;通信相关,滤除带外干扰信号保留所需频带内的信号,hardware_module_expansion,2025-09-26T09:29:11.839925,2025-09-26T09:29:11.839925
天线触点,天线触点,Antenna Contact,Component,射频相关;硬件相关;电气连接,天线辐射体与主板射频电路之间的物理连接点通常为弹片或pogo pin,hardware_module_expansion,2025-09-26T09:29:11.839925,2025-09-26T09:29:11.839925
同轴电缆,同轴电缆,Coaxial Cable,Component,射频相关;硬件相关;线缆管理,用于传输射频信号具有屏蔽层以防干扰,hardware_module_expansion,2025-09-26T09:29:11.839925,2025-09-26T09:29:11.839925
射频连接器,射频连接器,RF Connector,Component,射频相关;硬件相关;电气连接,用于连接射频电缆和PCB如IPEX连接器,hardware_module_expansion,2025-09-26T09:29:11.839925,2025-09-26T09:29:11.839925
净空区,净空区,Keep-out Area,Component,射频相关;设计;硬件相关,天线周围为保证辐射效率而禁止布置金属器件的区域,hardware_module_expansion,2025-09-26T09:29:11.839925,2025-09-26T09:29:11.839925
总全向灵敏度,总全向灵敏度,TIS,Metric,射频相关;性能指标;通信相关,表征手机在整个空间各个方向上接收微弱信号能力的综合指标,hardware_module_expansion,2025-09-26T09:29:11.839925,2025-09-26T09:29:11.839925
总辐射功率,总辐射功率,TRP,Metric,射频相关;性能指标;通信相关,表征手机在整个空间各个方向上辐射功率能力的综合指标,hardware_module_expansion,2025-09-26T09:29:11.840933,2025-09-26T09:29:11.840933
回波损耗,回波损耗,Return Loss,Metric,射频相关;性能指标;通信相关,表示入射功率被反射回来的比例值越大如-10dB表示匹配越好反射越小,hardware_module_expansion,2025-09-26T09:29:11.840933,2025-09-26T09:29:11.840933
驻波比,驻波比,VSWR,Metric,射频相关;性能指标;通信相关,衡量阻抗匹配程度的另一个常用指标理想值为1:1,hardware_module_expansion,2025-09-26T09:29:11.840933,2025-09-26T09:29:11.840933
扬声器BOX,扬声器BOX,Speaker Box,Component,声学;硬件相关;结构相关,为扬声器单元提供密闭或导向的声学腔体极大影响低频响应和灵敏度,hardware_module_expansion,2025-09-26T09:29:11.840933,2025-09-26T09:29:11.840933
受话器,受话器,Receiver,Component,声学;硬件相关,用于通话时贴近耳朵听音要求高清晰度,hardware_module_expansion,2025-09-26T09:29:11.840933,2025-09-26T09:29:11.840933
麦克风,麦克风,Microphone,Component,声学;硬件相关,将声音信号转换为电信号有MEMS和ECM等类型,hardware_module_expansion,2025-09-26T09:29:11.840933,2025-09-26T09:29:11.840933
音频编解码器,音频编解码器,Audio Codec,Component,声学;硬件相关;半导体,负责模拟音频信号与数字音频信号的转换并可能集成音频效果处理,hardware_module_expansion,2025-09-26T09:29:11.840933,2025-09-26T09:29:11.840933
扬声器单元,扬声器单元,Speaker Driver,Component,声学;硬件相关,将电信号转换为机械振动从而发声的核心部件包含磁路音圈振膜等,hardware_module_expansion,2025-09-26T09:29:11.840933,2025-09-26T09:29:11.840933
声学网布,声学网布,Acoustic Mesh,Material,声学;物料;外观,覆盖在出声孔起到防尘防水具有一定透气性和调节声学阻尼的作用,hardware_module_expansion,2025-09-26T09:29:11.840933,2025-09-26T09:29:11.840933
防水透气膜,防水透气膜,Waterproof Breathable Membrane,Material,声学;物料;可靠性,允许空气通过以实现声学导通但能阻止液态水侵入,hardware_module_expansion,2025-09-26T09:29:11.840933,2025-09-26T09:29:11.840933
音腔,音腔,Acoustic Chamber,Component,声学;结构相关;硬件相关,麦克风或受话器背后的密封空间其容积对频响有重要影响,hardware_module_expansion,2025-09-26T09:29:11.840933,2025-09-26T09:29:11.840933
频率响应,频率响应,Frequency Response,Metric,声学;性能指标,设备输出声压级随频率变化的曲线是衡量音质的基础指标,hardware_module_expansion,2025-09-26T09:29:11.841932,2025-09-26T09:29:11.841932
总谐波失真加噪声,总谐波失真加噪声,THD+N,Metric,声学;性能指标,衡量音频系统非线性失真和本底噪声的综合指标,hardware_module_expansion,2025-09-26T09:29:11.841932,2025-09-26T09:29:11.841932
灵敏度,灵敏度,Sensitivity,Metric,声学;性能指标,给定输入功率如1mW或电压如1V时在指定距离如10cm产生的声压级,hardware_module_expansion,2025-09-26T09:29:11.841932,2025-09-26T09:29:11.841932
最大声压级,最大声压级,Maximum SPL,Metric,声学;性能指标,扬声器在失真不超过限定值时可输出的最大声音强度,hardware_module_expansion,2025-09-26T09:29:11.841932,2025-09-26T09:29:11.841932
金属中框,金属中框,Metal Mid-frame,Component,结构相关;硬件相关,通常采用铝合金不锈钢等提供整机主要结构强度和散热路径,hardware_module_expansion,2025-09-26T09:29:11.841932,2025-09-26T09:29:11.841932
玻璃后盖,玻璃后盖,Glass Back Cover,Component,结构相关;外观;硬件相关,提供美观质感并支持无线充电需与中框可靠粘接,hardware_module_expansion,2025-09-26T09:29:11.842935,2025-09-26T09:29:11.842935
复合板材后盖,复合板材后盖,Composite Back Cover,Component,结构相关;外观;硬件相关,通过注塑喷涂镀膜等工艺实现类似玻璃的质感成本较低,hardware_module_expansion,2025-09-26T09:29:11.842935,2025-09-26T09:29:11.842935
摄像头装饰件,摄像头装饰件,Camera Deco,Component,结构相关;外观;摄像头模组,保护摄像头模组并提升外观层次感常见金属或塑料镀膜,hardware_module_expansion,2025-09-26T09:29:11.842935,2025-09-26T09:29:11.842935
SIM卡托,SIM卡托,SIM Tray,Component,结构相关;硬件相关,需保证与中框的配合精度和插拔手感具备防水功能,hardware_module_expansion,2025-09-26T09:29:11.842935,2025-09-26T09:29:11.842935
侧键,侧键,Side Key,Component,结构相关;硬件相关;人机交互,包括电源键和音量键通常为金属杆状结构通过弹片或Dome片实现触发,hardware_module_expansion,2025-09-26T09:29:11.842935,2025-09-26T09:29:11.842935
Type-C连接器,Type-C连接器,USB Type-C Connector,Component,结构相关;硬件相关;电气连接,负责充电数据传输和音频输出插拔寿命和防水是关键,hardware_module_expansion,2025-09-26T09:29:11.842935,2025-09-26T09:29:11.842935
泡棉,泡棉,Foam;Gasket,Material,结构相关;物料;EMC,用于填充间隙提供缓冲电磁屏蔽或辅助防水,hardware_module_expansion,2025-09-26T09:29:11.843934,2025-09-26T09:29:11.843934
防水胶,防水胶,Waterproof Adhesive,Material,结构相关;物料;可靠性,用于粘接屏幕后盖与中框形成防水密封圈,hardware_module_expansion,2025-09-26T09:29:11.843934,2025-09-26T09:29:11.843934
均热板,均热板,Vapor Chamber,Component,热管理;硬件相关;可靠性,利用内部工质相变蒸发-冷凝进行高效二维热传导散热效率高于热管,hardware_module_expansion,2025-09-26T09:29:11.844934,2025-09-26T09:29:11.844934
热管,热管,Heat Pipe,Component,热管理;硬件相关;可靠性,利用内部工质相变进行高效一维热传导的封闭管状器件,hardware_module_expansion,2025-09-26T09:29:11.844934,2025-09-26T09:29:11.844934
导热硅脂,导热硅脂,Thermal Grease;Thermal Paste,Material,热管理;物料;可靠性,填充芯片与散热器之间的微间隙降低接触热阻,hardware_module_expansion,2025-09-26T09:29:11.844934,2025-09-26T09:29:11.844934
导热石墨片,导热石墨片,Graphite Sheet,Material,热管理;物料;可靠性,具有高面内导热系数用于将热点热量迅速横向扩散,hardware_module_expansion,2025-09-26T09:29:11.844934,2025-09-26T09:29:11.844934
导热凝胶,导热凝胶,Thermal Gel,Material,热管理;物料;可靠性,具有一定流动性的膏状导热材料适用于不规则或易碎器件,hardware_module_expansion,2025-09-26T09:29:11.844934,2025-09-26T09:29:11.844934
导热相变材料,导热相变材料,PCM,Material,热管理;物料;可靠性,在特定温度如45-60°C发生固-液相变更好地填充间隙,hardware_module_expansion,2025-09-26T09:29:11.844934,2025-09-26T09:29:11.844934
金属屏蔽罩,金属屏蔽罩,Shield Can,Component,热管理;硬件相关;EMC,在屏蔽电磁干扰的同时也作为散热片将芯片热量传导出去,hardware_module_expansion,2025-09-26T09:29:11.844934,2025-09-26T09:29:11.844934
散热铜箔,散热铜箔,Thermal Copper Foil,Material,热管理;物料;PCB,贴在PCB背面或特定区域辅助局部散热,hardware_module_expansion,2025-09-26T09:29:11.844934,2025-09-26T09:29:11.844934
结温,结温,Junction Temperature,Metric,热管理;性能指标;可靠性,芯片半导体结的最高工作温度是热设计的核心限制参数,hardware_module_expansion,2025-09-26T09:29:11.844934,2025-09-26T09:29:11.844934
MEMS加速度计,MEMS加速度计,Accelerometer,Component,传感器;硬件相关;性能指标,测量手机在三个轴上的线性加速度用于计步屏幕旋转等,hardware_module_expansion,2025-09-26T09:29:11.844934,2025-09-26T09:29:11.844934
陀螺仪,陀螺仪,Gyroscope,Component,传感器;硬件相关;性能指标,测量手机围绕三个轴的旋转角速度用于导航游戏控制等,hardware_module_expansion,2025-09-26T09:29:11.844934,2025-09-26T09:29:11.844934
磁力计,磁力计,Magnetometer,Component,传感器;硬件相关;性能指标,测量环境磁场强度用于电子罗盘方向检测,hardware_module_expansion,2025-09-26T09:29:11.844934,2025-09-26T09:29:11.844934
距离传感器,距离传感器,Proximity Sensor,Component,传感器;硬件相关;功能,通常由红外LED和光电二极管组成检测手机与物体的距离用于通话时熄屏,hardware_module_expansion,2025-09-26T09:29:11.844934,2025-09-26T09:29:11.844934
环境光传感器,环境光传感器,ALS,Component,传感器;硬件相关;功能,检测环境光强度用于自动调节屏幕亮度,hardware_module_expansion,2025-09-26T09:29:11.844934,2025-09-26T09:29:11.844934
气压计,气压计,Barometer,Component,传感器;硬件相关;性能指标,测量大气压强用于海拔计算天气辅助预测,hardware_module_expansion,2025-09-26T09:29:11.845932,2025-09-26T09:29:11.845932
霍尔传感器,霍尔传感器,Hall Sensor,Component,传感器;硬件相关;功能,检测磁场变化常用于翻盖保护套的智能唤醒功能,hardware_module_expansion,2025-09-26T09:29:11.845932,2025-09-26T09:29:11.845932
指纹传感器,指纹传感器,Fingerprint Sensor,Component,传感器;硬件相关;安全相关;功能,通过光学电容或超声波方式采集指纹信息用于身份认证,hardware_module_expansion,2025-09-26T09:29:11.845932,2025-09-26T09:29:11.845932
红外发射器,红外发射器,IR Blaster,Component,传感器;硬件相关;功能,发射红外信号可遥控电视空调等家电,hardware_module_expansion,2025-09-26T09:29:11.845932,2025-09-26T09:29:11.845932
色温传感器,色温传感器,Color Temperature Sensor,Component,传感器;影像相关;功能,检测环境光色温辅助相机白平衡校准,hardware_module_expansion,2025-09-26T09:29:11.845932,2025-09-26T09:29:11.845932
传感器中枢,传感器中枢,Sensor Hub,Component,传感器;硬件相关;软件相关,低功耗协处理器专门用于处理各类传感器数据降低主芯片功耗,hardware_module_expansion,2025-09-26T09:29:11.845932,2025-09-26T09:29:11.845932
分辨率,分辨率,Resolution,Metric,传感器;性能指标,传感器能感知到的被测量的最小变化量,hardware_module_expansion,2025-09-26T09:29:11.845932,2025-09-26T09:29:11.845932
量程,量程,Full Scale Range,Metric,传感器;性能指标,传感器能够测量的被测量的最大值与最小值之差,hardware_module_expansion,2025-09-26T09:29:11.845932,2025-09-26T09:29:11.845932
非线性度,非线性度,Non-Linearity,Metric,传感器;性能指标,传感器实际特性曲线与拟合直线之间的最大偏差,hardware_module_expansion,2025-09-26T09:29:11.845932,2025-09-26T09:29:11.845932
重复性,重复性,Repeatability,Metric,传感器;性能指标,在同一条件下多次测量同一被测量其输出值的一致性,hardware_module_expansion,2025-09-26T09:29:11.845932,2025-09-26T09:29:11.845932
无线充电接收线圈,无线充电接收线圈,RX Coil,Component,充电;硬件相关;功能,内置在手机中接收交变磁场并转化为感应电流,hardware_module_expansion,2025-09-26T09:29:11.845932,2025-09-26T09:29:11.845932
无线充电发射板,无线充电发射板,TX Pad,Component,充电;配件;功能,外部设备产生交变磁场为手机无线充电,hardware_module_expansion,2025-09-26T09:29:11.845932,2025-09-26T09:29:11.845932
电荷泵充电芯片,电荷泵充电芯片,Charge Pump Charger,Component,充电;硬件相关;半导体,采用电容储能方式实现高效大电流充电转换效率远高于传统LDO或Buck,hardware_module_expansion,2025-09-26T09:29:11.845932,2025-09-26T09:29:11.845932
电池电量计,电池电量计,Fuel Gauge,Component,充电;硬件相关;半导体,精确估算电池剩余电量和健康状态,hardware_module_expansion,2025-09-26T09:29:11.845932,2025-09-26T09:29:11.845932
过压保护电路,过压保护电路,OVP,Component,充电;硬件相关;安全相关,防止充电电压过高损坏手机内部器件,hardware_module_expansion,2025-09-26T09:29:11.845932,2025-09-26T09:29:11.845932
过流保护电路,过流保护电路,OCP,Component,充电;硬件相关;安全相关,防止充电电流或负载电流过大,hardware_module_expansion,2025-09-26T09:29:11.846936,2025-09-26T09:29:11.846936
USB Type-C接口控制器,USB Type-C接口控制器,Type-C Controller,Component,充电;硬件相关;功能,管理Type-C接口的正反插角色切换DRP/SRC/SNK和快充协议,hardware_module_expansion,2025-09-26T09:29:11.846936,2025-09-26T09:29:11.846936
输入电压范围,输入电压范围,Input Voltage Range,Metric,充电;性能指标,手机充电电路能正常工作的输入电压范围,hardware_module_expansion,2025-09-26T09:29:11.846936,2025-09-26T09:29:11.846936
充电功率,充电功率,Charging Power,Metric,充电;性能指标,充电时输入手机的总功率电压×电流单位瓦特,hardware_module_expansion,2025-09-26T09:29:11.846936,2025-09-26T09:29:11.846936
转换效率,转换效率,Conversion Efficiency,Metric,充电;性能指标,充电电路将输入电能转换为电池化学能的效率,hardware_module_expansion,2025-09-26T09:29:11.846936,2025-09-26T09:29:11.846936
线性马达,线性马达,LRA,Component,硬件相关;人机交互;功能,通过电磁驱动质量块做线性运动提供振动反馈启停快手感清脆,hardware_module_expansion,2025-09-26T09:29:11.846936,2025-09-26T09:29:11.846936
转子马达,转子马达,Eccentric Rotating Mass Motor,Component,硬件相关;人机交互;功能,通过不平衡转子的旋转产生振动成本低但启停慢手感松散,hardware_module_expansion,2025-09-26T09:29:11.846936,2025-09-26T09:29:11.846936
压电陶瓷马达,压电陶瓷马达,Piezo Haptic Actuator,Component,硬件相关;人机交互;功能,利用压电效应使陶瓷片形变产生振动或触感响应极快可模拟丰富纹理,hardware_module_expansion,2025-09-26T09:29:11.846936,2025-09-26T09:29:11.846936
马达驱动芯片,马达驱动芯片,Haptic Driver IC,Component,硬件相关;半导体;功能,提供马达所需的驱动波形和功率放大,hardware_module_expansion,2025-09-26T09:29:11.846936,2025-09-26T09:29:11.846936
马达固定结构,马达固定结构,Motor Mounting Structure,Component,结构相关;硬件相关;可靠性,确保马达被牢固固定避免额外振动噪音并将振动有效传递至整机,hardware_module_expansion,2025-09-26T09:29:11.846936,2025-09-26T09:29:11.846936
振动加速度,振动加速度,Vibration Acceleration,Metric,性能指标;人机交互,衡量振动强度的物理量通常以重力加速度g的倍数表示,hardware_module_expansion,2025-09-26T09:29:11.847937,2025-09-26T09:29:11.847937
频率响应,频率响应,Frequency Response,Metric,性能指标;人机交互,马达在不同驱动频率下的振动强度变化曲线,hardware_module_expansion,2025-09-26T09:29:11.847937,2025-09-26T09:29:11.847937
总谐波失真,总谐波失真,THD,Metric,性能指标;人机交互,马达振动波形中谐波失真的大小影响振动纯净度,hardware_module_expansion,2025-09-26T09:29:11.847937,2025-09-26T09:29:11.847937
阳极氧化层,阳极氧化层,Anodized Layer,Material,CMF;外观;可靠性,通过电解在铝合金表面生成的坚硬耐腐蚀的氧化铝陶瓷膜可着色,hardware_module_expansion,2025-09-26T09:29:11.847937,2025-09-26T09:29:11.847937
PVD镀膜,PVD镀膜,物理气相沉积镀膜,Material,CMF;外观;可靠性,在真空环境下通过溅射或蒸发方式在表面沉积金属/化合物薄膜呈现金属光泽色彩,hardware_module_expansion,2025-09-26T09:29:11.847937,2025-09-26T09:29:11.847937
AF防指纹涂层,AF防指纹涂层,抗指纹涂层,Material,CMF;外观;用户体验,在玻璃或镀层表面涂覆的疏油疏水涂层减少指纹和污渍附着,hardware_module_expansion,2025-09-26T09:29:11.847937,2025-09-26T09:29:11.847937
AG防眩光涂层,AG防眩光涂层,抗反射涂层,Material,CMF;外观;显示相关,在玻璃表面通过化学蚀刻或涂层形成微细粗糙度减少环境光反射,hardware_module_expansion,2025-09-26T09:29:11.847937,2025-09-26T09:29:11.847937
光泽度,光泽度,Gloss,Metric,CMF;性能指标;外观,表面反射光线的能力用光泽度单位表示,hardware_module_expansion,2025-09-26T09:29:11.847937,2025-09-26T09:29:11.847937
粗糙度,粗糙度,Roughness,Metric,CMF;性能指标;外观,表面具有的较小间距和微小峰谷的不平度常用Ra值表示,hardware_module_expansion,2025-09-26T09:29:11.848932,2025-09-26T09:29:11.848932
颜色坐标,颜色坐标,Color Coordinate,Metric,CMF;性能指标;外观,在Lab LCh等色彩空间中表示颜色的具体数值,hardware_module_expansion,2025-09-26T09:29:11.848932,2025-09-26T09:29:11.848932
Wi-Fi 6E芯片,Wi-Fi 6E芯片,802.11ax芯片,Component,通信相关;硬件相关;功能,支持6GHz频段的Wi-Fi芯片提供更宽的信道和更低的干扰,hardware_module_expansion,2025-09-26T09:29:11.848932,2025-09-26T09:29:11.848932
蓝牙5.3芯片,蓝牙5.3芯片,BT 5.3,Component,通信相关;硬件相关;功能,支持LE Audio具有更低的功耗和更好的多设备连接能力,hardware_module_expansion,2025-09-26T09:29:11.848932,2025-09-26T09:29:11.848932
5G调制解调器,5G调制解调器,5G Modem,Component,通信相关;硬件相关;半导体,负责5G NR信号的编码解码支持Sub-6GHz和毫米波频段,hardware_module_expansion,2025-09-26T09:29:11.848932,2025-09-26T09:29:11.848932
GNSS接收芯片,GNSS接收芯片,全球导航卫星系统芯片,Component,通信相关;硬件相关;功能,支持GPS GLONASS Galileo BDS等多个卫星系统的定位信号接收,hardware_module_expansion,2025-09-26T09:29:11.848932,2025-09-26T09:29:11.848932
NFC控制器,NFC控制器,近场通信控制器,Component,通信相关;硬件相关;功能,实现手机支付门禁模拟标签读写等近距离通信功能,hardware_module_expansion,2025-09-26T09:29:11.848932,2025-09-26T09:29:11.848932
eSIM,eSIM,嵌入式SIM卡,Component,通信相关;硬件相关;功能,直接焊在主板上的SIM芯片可通过软件切换运营商节省空间,hardware_module_expansion,2025-09-26T09:29:11.848932,2025-09-26T09:29:11.848932
天线调谐开关,天线调谐开关,Antenna Tuning Switch,Component,通信相关;硬件相关;射频相关,根据频率动态切换天线匹配网络优化天线效率,hardware_module_expansion,2025-09-26T09:29:11.848932,2025-09-26T09:29:11.848932
分集天线,分集天线,Diversity Antenna,Component,通信相关;硬件相关;射频相关,接收主天线之外的另一套接收天线通过选择或合并技术改善信号质量,hardware_module_expansion,2025-09-26T09:29:11.848932,2025-09-26T09:29:11.848932
MIMO天线系统,MIMO天线系统,多输入多输出天线系统,Component,通信相关;硬件相关;射频相关,使用多个天线同时收发数据提升信道容量和链路可靠性,hardware_module_expansion,2025-09-26T09:29:11.848932,2025-09-26T09:29:11.848932
射频滤波器,射频滤波器,RF Filter,Component,通信相关;硬件相关;射频相关,如SAW/BAW滤波器用于滤除特定频段的干扰信号,hardware_module_expansion,2025-09-26T09:29:11.848932,2025-09-26T09:29:11.848932
载波聚合,载波聚合,Carrier Aggregation,Metric,通信相关;性能指标;功能,同时使用多个载波频段进行数据传输提升峰值速率,hardware_module_expansion,2025-09-26T09:29:11.848932,2025-09-26T09:29:11.848932
调制阶数,调制阶数,Modulation Order,Metric,通信相关;性能指标;射频相关,如256QAM表示每个符号携带的比特数阶数越高速率越快抗干扰越差,hardware_module_expansion,2025-09-26T09:29:11.849934,2025-09-26T09:29:11.849934
误码率,误码率,Bit Error Rate,Metric,通信相关;性能指标;射频相关,接收端错误比特数与总传输比特数之比,hardware_module_expansion,2025-09-26T09:29:11.849934,2025-09-26T09:29:11.849934
接收灵敏度,接收灵敏度,Receiver Sensitivity,Metric,通信相关;性能指标;射频相关,接收机在满足特定误码率条件下所能识别的最小信号功率,hardware_module_expansion,2025-09-26T09:29:11.849934,2025-09-26T09:29:11.849934
USB Type-C接口,USB Type-C接口,USB-C,Component,硬件相关;电气连接;功能,支持正反插高速数据传输视频输出和快充的多功能接口,hardware_module_expansion,2025-09-26T09:29:11.849934,2025-09-26T09:29:11.849934
闪电接口,闪电接口,Lightning,Component,硬件相关;电气连接;功能,Apple公司专有的紧凑型接口用于数据传输和充电,hardware_module_expansion,2025-09-26T09:29:11.849934,2025-09-26T09:29:11.849934
3.5mm音频接口,3.5mm音频接口,耳机孔,Component,硬件相关;声学;功能,模拟音频输出接口逐渐被USB-C或无线音频替代,hardware_module_expansion,2025-09-26T09:29:11.849934,2025-09-26T09:29:11.849934
高清多媒体接口,高清多媒体接口,HDMI,Component,硬件相关;功能,用于输出高清视频和音频信号,hardware_module_expansion,2025-09-26T09:29:11.849934,2025-09-26T09:29:11.849934
DisplayPort接口,DisplayPort接口,DP,Component,硬件相关;功能,另一种高清视频输出接口常见于USB-C的Alt Mode中,hardware_module_expansion,2025-09-26T09:29:11.849934,2025-09-26T09:29:11.849934
pogo pin连接器,pogo pin连接器,弹簧针连接器,Component,硬件相关;电气连接;测试验证,用于生产测试治具或手机配件的临时性低插拔次数的连接,hardware_module_expansion,2025-09-26T09:29:11.849934,2025-09-26T09:29:11.849934
FPC连接器,FPC连接器,柔性电路板连接器,Component,硬件相关;电气连接;制造工艺,用于连接主板与屏幕摄像头等部件的FPC要求高精度和对位,hardware_module_expansion,2025-09-26T09:29:11.849934,2025-09-26T09:29:11.849934
板对板连接器,板对板连接器,BTB Connector,Component,硬件相关;电气连接;结构相关,连接主板与副板或其他子板是实现手机堆叠的关键元件,hardware_module_expansion,2025-09-26T09:29:11.849934,2025-09-26T09:29:11.849934
SIM卡座,SIM卡座,SIM Card Connector,Component,硬件相关;电气连接;功能,承载Nano-SIM卡或eSIM芯片实现与移动网络的连接,hardware_module_expansion,2025-09-26T09:29:11.849934,2025-09-26T09:29:11.849934
麦克风硅麦,麦克风硅麦,MEMS Microphone,Component,硬件相关;声学;电气连接,通过FPC或焊点与主板连接体积小抗干扰性强,hardware_module_expansion,2025-09-26T09:29:11.849934,2025-09-26T09:29:11.849934
接触阻抗,接触阻抗,Contact Resistance,Metric,硬件相关;性能指标;电气连接,连接器触点之间的电阻值越小越好,hardware_module_expansion,2025-09-26T09:29:11.849934,2025-09-26T09:29:11.849934
额定电流,额定电流,Rated Current,Metric,硬件相关;性能指标;电气连接,连接器能够长期安全通过的最大电流值,hardware_module_expansion,2025-09-26T09:29:11.849934,2025-09-26T09:29:11.849934
插拔力,插拔力,Insertion/Extraction Force,Metric,硬件相关;性能指标;人机交互,将公端插入母座或拔出的力影响用户体验和连接可靠性,hardware_module_expansion,2025-09-26T09:29:11.849934,2025-09-26T09:29:11.849934
多层陶瓷电容,多层陶瓷电容,MLCC,Component,硬件相关;电气性能;SMT,用量最大的被动元件用于滤波去耦储能等,hardware_module_expansion,2025-09-26T09:29:11.850933,2025-09-26T09:29:11.850933
钽电容,钽电容,Tantalum Capacitor,Component,硬件相关;电气性能;SMT,体积小容值大ESR低但有极性需注意防反接和浪涌,hardware_module_expansion,2025-09-26T09:29:11.850933,2025-09-26T09:29:11.850933
电感,电感,Inductor,Component,硬件相关;电气性能;SMT,用于电源滤波储能和LC振荡电路,hardware_module_expansion,2025-09-26T09:29:11.850933,2025-09-26T09:29:11.850933
磁珠,磁珠,Ferrite Bead,Component,硬件相关;电气性能;EMC,抑制高频噪声常用于电源和信号线,hardware_module_expansion,2025-09-26T09:29:11.850933,2025-09-26T09:29:11.850933
晶体振荡器,晶体振荡器,Crystal Oscillator,Component,硬件相关;电气性能;半导体,提供系统基准时钟信号,hardware_module_expansion,2025-09-26T09:29:11.850933,2025-09-26T09:29:11.850933
热敏电阻,热敏电阻,NTC/PTC,Component,硬件相关;电气性能;传感器,电阻值随温度变化用于温度检测和温度补偿,hardware_module_expansion,2025-09-26T09:29:11.850933,2025-09-26T09:29:11.850933
压敏电阻,压敏电阻,Varistor,Component,硬件相关;电气性能;安全相关,电压敏感用于过压保护如浪涌,hardware_module_expansion,2025-09-26T09:29:11.850933,2025-09-26T09:29:11.850933
TVS二极管,TVS二极管,瞬态电压抑制二极管,Component,硬件相关;电气性能;安全相关,响应速度极快用于防护ESD和EFT等快速瞬态过电压,hardware_module_expansion,2025-09-26T09:29:11.850933,2025-09-26T09:29:11.850933
自恢复保险丝,自恢复保险丝,PTC Resettable Fuse,Component,硬件相关;电气性能;安全相关,过流时电阻急剧变大限制电流故障排除后自动恢复,hardware_module_expansion,2025-09-26T09:29:11.850933,2025-09-26T09:29:11.850933
ESD保护器件,ESD保护器件,ESD Protection Device,Component,硬件相关;电气性能;安全相关;ESD,专门用于防护静电放电的器件通常并联在接口电路上,hardware_module_expansion,2025-09-26T09:29:11.850933,2025-09-26T09:29:11.850933
电容的等效串联电阻,电容的等效串联电阻,ESR,Metric,硬件相关;性能指标;电气性能,电容等效电路中的串联电阻影响滤波效果和自身发热,hardware_module_expansion,2025-09-26T09:29:11.851933,2025-09-26T09:29:11.851933
电容的等效串联电感,电容的等效串联电感,ESL,Metric,硬件相关;性能指标;电气性能,电容引脚和内部结构存在的寄生电感影响高频性能,hardware_module_expansion,2025-09-26T09:29:11.851933,2025-09-26T09:29:11.851933
额定电压,额定电压,Rated Voltage,Metric,硬件相关;性能指标;电气性能,元件能长期安全工作的最大直流电压或交流电压峰值,hardware_module_expansion,2025-09-26T09:29:11.851933,2025-09-26T09:29:11.851933
工作温度范围,工作温度范围,Operating Temperature Range,Metric,硬件相关;性能指标;可靠性,元件能正常工作的环境温度范围,hardware_module_expansion,2025-09-26T09:29:11.851933,2025-09-26T09:29:11.851933
在线测试治具,在线测试治具,ICT Fixture,Component,制造工艺;测试验证;工具,用于ICT测试通过密集的探针接触PCB测试点进行短路/开路和元件值测试,hardware_module_expansion,2025-09-26T09:29:11.851933,2025-09-26T09:29:11.851933
功能测试治具,功能测试治具,FCT Fixture,Component,制造工艺;测试验证;工具,模拟整机使用环境为手机供电提供信号输入并检测输出,hardware_module_expansion,2025-09-26T09:29:11.851933,2025-09-26T09:29:11.851933
电池模拟器,电池模拟器,Battery Emulator,Component,制造工艺;测试验证;工具;充电,在FCT中替代真实电池可精确控制电压和电流并模拟电池特性,hardware_module_expansion,2025-09-26T09:29:11.851933,2025-09-26T09:29:11.851933
自动化测试设备,自动化测试设备,Automated Test Equipment,Component,制造工艺;测试验证;工具;自动化,集成机械手相机传感器和测试模块实现生产线自动上下料和测试,hardware_module_expansion,2025-09-26T09:29:11.851933,2025-09-26T09:29:11.851933
视觉对位系统,视觉对位系统,Vision Alignment System,Component,制造工艺;测试验证;工具;自动化,使用工业相机精确定位产品或元件位置引导自动化设备操作,hardware_module_expansion,2025-09-26T09:29:11.852933,2025-09-26T09:29:11.852933
针床,针床,Bed of Nails,Component,制造工艺;测试验证;工具,ICT治具的核心部分上面布满了用于接触PCB测试点的弹簧探针,hardware_module_expansion,2025-09-26T09:29:11.852933,2025-09-26T09:29:11.852933
射频测试治具,射频测试治具,RF Test Fixture,Component,制造工艺;测试验证;工具;射频相关,用于校准和测试手机的射频性能通常带有射频连接器和屏蔽腔,hardware_module_expansion,2025-09-26T09:29:11.852933,2025-09-26T09:29:11.852933
声学测试密封腔,声学测试密封腔,Acoustic Test Chamber,Component,制造工艺;测试验证;工具;声学,在生产线端提供一个标准的声学环境测试麦克风和受话器的性能,hardware_module_expansion,2025-09-26T09:29:11.852933,2025-09-26T09:29:11.852933
屏幕点亮治具,屏幕点亮治具,Display Lighting Fixture,Component,制造工艺;测试验证;工具;显示相关,快速连接并点亮屏幕检查显示功能和无坏点,hardware_module_expansion,2025-09-26T09:29:11.852933,2025-09-26T09:29:11.852933
激光打标治具,激光打标治具,Laser Marking Fixture,Component,制造工艺;工具,精确定位手机确保序列号等信息打在规定位置,hardware_module_expansion,2025-09-26T09:29:11.852933,2025-09-26T09:29:11.852933
治具探针,治具探针,Test Probe,Component,制造工艺;测试验证;工具,治具上直接接触测试点的精密零件要求耐磨导电性好,hardware_module_expansion,2025-09-26T09:29:11.852933,2025-09-26T09:29:11.852933
测试覆盖率,测试覆盖率,Test Coverage,Metric,制造工艺;测试验证;质量体系,测试用例对产品功能或硬件节点的覆盖程度,hardware_module_expansion,2025-09-26T09:29:11.852933,2025-09-26T09:29:11.852933
直通率,直通率,First Pass Yield,Metric,制造工艺;测试验证;质量体系,产品一次性通过某道测试工序的比率,hardware_module_expansion,2025-09-26T09:29:11.852933,2025-09-26T09:29:11.852933
误判率,误判率,False Call Rate,Metric,制造工艺;测试验证;质量体系,治具或测试程序将合格品判为不合格的比例,hardware_module_expansion,2025-09-26T09:29:11.852933,2025-09-26T09:29:11.852933
漏判率,漏判率,Escape Rate,Metric,制造工艺;测试验证;质量体系,治具或测试程序将不合格品判为合格的比例,hardware_module_expansion,2025-09-26T09:29:11.852933,2025-09-26T09:29:11.852933
测试周期时间,测试周期时间,Test Cycle Time,Metric,制造工艺;测试验证;效率,完成一次完整测试所需的时间影响生产线节拍,hardware_module_expansion,2025-09-26T09:29:11.852933,2025-09-26T09:29:11.852933
治具维护周期,治具维护周期,Fixture Maintenance Cycle,Metric,制造工艺;测试验证;维护,治具需要定期清洁校准或更换磨损件的频率,hardware_module_expansion,2025-09-26T09:29:11.852933,2025-09-26T09:29:11.852933
杨氏模量,杨氏模量,弹性模量,Metric,物料;结构相关;可靠性,材料在弹性变形范围内应力与应变的比值表征材料抵抗弹性变形的能力,hardware_module_expansion,2025-09-26T09:29:11.852933,2025-09-26T09:29:11.852933
屈服强度,屈服强度,屈服点,Metric,物料;结构相关;可靠性,材料开始产生明显塑性变形时的应力值,hardware_module_expansion,2025-09-26T09:29:11.852933,2025-09-26T09:29:11.852933
抗拉强度,抗拉强度,拉伸强度,Metric,物料;结构相关;可靠性,材料在断裂前所能承受的最大应力,hardware_module_expansion,2025-09-26T09:29:11.852933,2025-09-26T09:29:11.852933
伸长率,伸长率,延伸率,Metric,物料;结构相关;可靠性,材料断裂时的相对伸长量表征材料塑性变形能力,hardware_module_expansion,2025-09-26T09:29:11.852933,2025-09-26T09:29:11.852933
冲击韧性,冲击韧性,冲击强度,Metric,物料;结构相关;可靠性,材料在冲击载荷作用下吸收塑性变形功和断裂功的能力,hardware_module_expansion,2025-09-26T09:29:11.852933,2025-09-26T09:29:11.852933
疲劳强度,疲劳强度,疲劳极限,Metric,物料;结构相关;可靠性,材料在无限次应力循环下不发生破坏的最大应力,hardware_module_expansion,2025-09-26T09:29:11.853934,2025-09-26T09:29:11.853934
蠕变极限,蠕变极限,蠕变强度,Metric,物料;结构相关;可靠性,材料在高温长期应力作用下抵抗蠕变变形的能力,hardware_module_expansion,2025-09-26T09:29:11.853934,2025-09-26T09:29:11.853934
热膨胀系数,热膨胀系数,CTE,Metric,物料;热管理;可靠性,温度每升高1℃材料长度或体积的相对变化量,hardware_module_expansion,2025-09-26T09:29:11.853934,2025-09-26T09:29:11.853934
热导率,热导率,导热系数,Metric,物料;热管理;可靠性,材料传导热量的能力单位W/(m·K),hardware_module_expansion,2025-09-26T09:29:11.853934,2025-09-26T09:29:11.853934
比热容,比热容,比热,Metric,物料;热管理;可靠性,单位质量材料升高单位温度所需的热量,hardware_module_expansion,2025-09-26T09:29:11.853934,2025-09-26T09:29:11.853934
密度,密度,体积质量,Metric,物料;结构相关;设计,单位体积材料的质量,hardware_module_expansion,2025-09-26T09:29:11.853934,2025-09-26T09:29:11.853934
电阻率,电阻率,体积电阻率,Metric,物料;电气性能;硬件相关,表征材料导电性能的物理量,hardware_module_expansion,2025-09-26T09:29:11.853934,2025-09-26T09:29:11.853934
介电常数,介电常数,电容率,Metric,物料;电气性能;硬件相关,表征电介质材料极化能力的物理量,hardware_module_expansion,2025-09-26T09:29:11.853934,2025-09-26T09:29:11.853934
介质损耗,介质损耗,介电损耗,Metric,物料;电气性能;硬件相关,电介质在交变电场中能量损耗的大小,hardware_module_expansion,2025-09-26T09:29:11.853934,2025-09-26T09:29:11.853934
耐电弧性,耐电弧性,抗电弧性,Metric,物料;电气性能;安全相关,绝缘材料抵抗电弧作用的能力,hardware_module_expansion,2025-09-26T09:29:11.853934,2025-09-26T09:29:11.853934
耐漏电起痕指数,耐漏电起痕指数,CTI,Metric,物料;电气性能;安全相关,绝缘材料表面抵抗漏电痕迹的能力,hardware_module_expansion,2025-09-26T09:29:11.853934,2025-09-26T09:29:11.853934
氧指数,氧指数,极限氧指数,Metric,物料;安全相关;可靠性,材料在氧气和氮气混合气体中维持燃烧所需的最低氧气浓度,hardware_module_expansion,2025-09-26T09:29:11.853934,2025-09-26T09:29:11.853934
UL94阻燃等级,UL94阻燃等级,燃烧等级,Metric,物料;安全相关;可靠性,塑料材料阻燃性能评价标准,hardware_module_expansion,2025-09-26T09:29:11.853934,2025-09-26T09:29:11.853934
玻璃化转变温度,玻璃化转变温度,Tg,Metric,物料;可靠性;制造工艺,聚合物从玻璃态向高弹态转变的温度,hardware_module_expansion,2025-09-26T09:29:11.853934,2025-09-26T09:29:11.853934
熔融温度,熔融温度,熔点,Metric,物料;制造工艺;可靠性,晶体材料从固态转变为液态的温度,hardware_module_expansion,2025-09-26T09:29:11.853934,2025-09-26T09:29:11.853934
热变形温度,热变形温度,HDT,Metric,物料;可靠性;制造工艺,塑料在特定负荷下达到规定变形量的温度,hardware_module_expansion,2025-09-26T09:29:11.853934,2025-09-26T09:29:11.853934
维卡软化温度,维卡软化温度,VST,Metric,物料;可靠性;制造工艺,塑料在特定条件下达到规定压入深度的温度,hardware_module_expansion,2025-09-26T09:29:11.853934,2025-09-26T09:29:11.853934
吸水率,吸水率,吸湿率,Metric,物料;可靠性;制造工艺,材料浸泡在水中吸收水分的程度,hardware_module_expansion,2025-09-26T09:29:11.853934,2025-09-26T09:29:11.853934
透湿率,透湿率,水蒸气透过率,Metric,物料;可靠性;制造工艺,材料透过水蒸气的能力,hardware_module_expansion,2025-09-26T09:29:11.853934,2025-09-26T09:29:11.853934
透气率,透气率,气体透过率,Metric,物料;可靠性;制造工艺,材料透过氧气等气体的能力,hardware_module_expansion,2025-09-26T09:29:11.853934,2025-09-26T09:29:11.853934
耐化学药品性,耐化学药品性,耐化学品性,Metric,物料;可靠性;制造工艺,材料抵抗酸碱溶剂等化学药品侵蚀的能力,hardware_module_expansion,2025-09-26T09:29:11.853934,2025-09-26T09:29:11.853934
耐候性,耐候性,耐老化性,Metric,物料;可靠性;外观,材料抵抗阳光雨水温度等气候条件破坏的能力,hardware_module_expansion,2025-09-26T09:29:11.854932,2025-09-26T09:29:11.854932
耐磨性,耐磨性,耐磨损性,Metric,物料;可靠性;外观,材料抵抗机械磨损的能力,hardware_module_expansion,2025-09-26T09:29:11.854932,2025-09-26T09:29:11.854932
耐刮擦性,耐刮擦性,抗刮擦性,Metric,物料;可靠性;外观,材料表面抵抗刮擦损伤的能力,hardware_module_expansion,2025-09-26T09:29:11.854932,2025-09-26T09:29:11.854932
平均无故障时间,平均无故障时间,MTBF,Metric,可靠性;性能指标;质量体系,可修复产品相邻两次故障间的平均工作时间,hardware_module_expansion,2025-09-26T09:29:11.856935,2025-09-26T09:29:11.856935
平均修复时间,平均修复时间,MTTR,Metric,可靠性;性能指标;质量体系,故障修复所需的平均时间,hardware_module_expansion,2025-09-26T09:29:11.856935,2025-09-26T09:29:11.856935
失效率,失效率,故障率,Metric,可靠性;性能指标;质量体系,单位时间内产品发生故障的概率,hardware_module_expansion,2025-09-26T09:29:11.856935,2025-09-26T09:29:11.856935
浴盆曲线,浴盆曲线,故障率曲线,Metric,可靠性;性能指标;质量体系,产品失效率随时间变化的典型曲线形状,hardware_module_expansion,2025-09-26T09:29:11.856935,2025-09-26T09:29:11.856935
IP防护等级,IP防护等级,异物防护等级,Metric,法规;可靠性;结构相关,针对电气设备防尘防水能力的国际标准等级,hardware_module_expansion,2025-09-26T09:29:11.859945,2025-09-26T09:29:11.859945
IK防护等级,IK防护等级,冲击防护等级,Metric,法规;可靠性;结构相关,针对电气设备外壳抵御外部机械冲击能力的等级,hardware_module_expansion,2025-09-26T09:29:11.859945,2025-09-26T09:29:11.860943
比吸收率,比吸收率,SAR,Metric,法规;安全相关;射频相关,衡量人体吸收电磁辐射能量的速率有严格的法规限值,hardware_module_expansion,2025-09-26T09:29:11.860943,2025-09-26T09:29:11.860943
听力安全,听力安全,声压级限值,Metric,法规;安全相关;声学,对耳机等音频设备输出声压级的限制以保护听力,hardware_module_expansion,2025-09-26T09:29:11.860943,2025-09-26T09:29:11.860943
激光安全,激光安全,激光辐射安全,Metric,法规;安全相关;硬件相关,对设备激光辐射强度的安全限制要求,hardware_module_expansion,2025-09-26T09:29:11.860943,2025-09-26T09:29:11.860943
生物相容性,生物相容性,皮肤刺激性,Metric,法规;安全相关;可靠性,与人体接触的材料不引起过敏或刺激反应的要求,hardware_module_expansion,2025-09-26T09:29:11.860943,2025-09-26T09:29:11.860943
碳足迹,碳足迹,碳排放量,Metric,法规;环保;供应链,产品全生命周期温室气体排放量的量化指标,hardware_module_expansion,2025-09-26T09:29:11.860943,2025-09-26T09:29:11.860943
